<?xml version="1.0" encoding="utf-8"?>
<COLLADA xmlns="http://www.collada.org/2005/11/COLLADASchema" version="1.4.1">
  <asset>
    <contributor>
      <author/>
      <authoring_tool>FBX COLLADA exporter</authoring_tool>
      <comments/>
    </contributor>
    <created>2024-12-24T07:18:02Z</created>
    <keywords/>
    <modified>2024-12-24T07:18:02Z</modified>
    <revision/>
    <subject/>
    <title/>
    <unit meter="0.025400" name="centimeter"/>
    <up_axis>Z_UP</up_axis>
  </asset>
  <library_images>
    <image id="pistimage_png-image" name="pistimage_png">
      <init_from>pistimage.png</init_from>
    </image>
  </library_images>
  <library_materials>
    <material id="Material" name="Material">
      <instance_effect url="#Material-fx"/>
    </material>
    <material id="Material.001" name="Material.001">
      <instance_effect url="#Material.001-fx"/>
    </material>
    <material id="Material.022" name="Material.022">
      <instance_effect url="#Material.022-fx"/>
    </material>
  </library_materials>
  <library_effects>
    <effect id="Material-fx" name="Material">
      <profile_COMMON>
        <technique sid="standard">
          <phong>
            <emission>
              <color sid="emission">0.000000  0.000000 0.000000 1.000000</color>
            </emission>
            <ambient>
              <color sid="ambient">0.800000  0.800000 0.800000 1.000000</color>
            </ambient>
            <diffuse>
              <texture texture="pistimage_png-image" texcoord="CHANNEL0">
                <extra>
                  <technique profile="MAYA">
                    <wrapU sid="wrapU0">TRUE</wrapU>
                    <wrapV sid="wrapV0">TRUE</wrapV>
                    <blend_mode>ADD</blend_mode>
                  </technique>
                </extra>
              </texture>
            </diffuse>
            <specular>
              <color sid="specular">0.000000  0.000000 0.000000 1.000000</color>
            </specular>
            <shininess>
              <float sid="shininess">1024.000000</float>
            </shininess>
            <transparency>
              <float sid="transparency">0.000000</float>
            </transparency>
          </phong>
        </technique>
      </profile_COMMON>
    </effect>
    <effect id="Material.001-fx" name="Material.001">
      <profile_COMMON>
        <technique sid="standard">
          <phong>
            <emission>
              <color sid="emission">0.000000  0.000000 0.000000 1.000000</color>
            </emission>
            <ambient>
              <color sid="ambient">1.000000  0.000000 0.000000 1.000000</color>
            </ambient>
            <diffuse>
              <color sid="diffuse">1.000000  0.000000 0.000000 1.000000</color>
            </diffuse>
            <specular>
              <color sid="specular">0.000000  0.000000 0.000000 1.000000</color>
            </specular>
            <shininess>
              <float sid="shininess">1024.000000</float>
            </shininess>
            <transparency>
              <float sid="transparency">0.000000</float>
            </transparency>
          </phong>
        </technique>
      </profile_COMMON>
    </effect>
    <effect id="Material.022-fx" name="Material.022">
      <profile_COMMON>
        <technique sid="standard">
          <phong>
            <emission>
              <color sid="emission">0.000000  0.000000 0.000000 1.000000</color>
            </emission>
            <ambient>
              <color sid="ambient">0.000000  0.000000 0.000000 1.000000</color>
            </ambient>
            <diffuse>
              <color sid="diffuse">0.000000  0.000000 0.000000 1.000000</color>
            </diffuse>
            <specular>
              <color sid="specular">0.000000  0.000000 0.000000 1.000000</color>
            </specular>
            <shininess>
              <float sid="shininess">1024.000000</float>
            </shininess>
            <transparency>
              <float sid="transparency">0.000000</float>
            </transparency>
          </phong>
        </technique>
      </profile_COMMON>
    </effect>
  </library_effects>
  <library_geometries>
    <geometry id="Plane.140-lib" name="Plane.140Mesh">
      <mesh>
        <source id="Plane.140-POSITION">
          <float_array id="Plane.140-POSITION-array" count="12">
-1.483292 -0.928669 0.000000
1.492644 -0.930991 0.000000
-1.483485 1.483849 0.000000
1.492644 1.484010 0.000000
</float_array>
          <technique_common>
            <accessor source="#Plane.140-POSITION-array" count="4" stride="3">
              <param name="X" type="float"/>
              <param name="Y" type="float"/>
              <param name="Z" type="float"/>
            </accessor>
          </technique_common>
        </source>
        <source id="Plane.140-Normal0">
          <float_array id="Plane.140-Normal0-array" count="18">
0.000000 0.000000 1.000000
0.000000 0.000000 1.000000
0.000000 0.000000 1.000000
0.000000 0.000000 1.000000
0.000000 0.000000 1.000000
0.000000 0.000000 1.000000
</float_array>
          <technique_common>
            <accessor source="#Plane.140-Normal0-array" count="6" stride="3">
              <param name="X" type="float"/>
              <param name="Y" type="float"/>
              <param name="Z" type="float"/>
            </accessor>
          </technique_common>
        </source>
        <source id="Plane.140-UV0">
          <float_array id="Plane.140-UV0-array" count="12">
0.000000 0.000000
1.000000 1.000000
0.000000 1.000000
0.000000 0.000000
1.000000 0.000000
1.000000 1.000000
</float_array>
          <technique_common>
            <accessor source="#Plane.140-UV0-array" count="6" stride="2">
              <param name="S" type="float"/>
              <param name="T" type="float"/>
            </accessor>
          </technique_common>
        </source>
        <vertices id="Plane.140-VERTEX">
          <input semantic="POSITION" source="#Plane.140-POSITION"/>
        </vertices>
        <triangles count="2" material="Material">
          <input semantic="VERTEX" offset="0" source="#Plane.140-VERTEX"/>
          <input semantic="NORMAL" offset="1" source="#Plane.140-Normal0"/>
          <input semantic="TEXCOORD" offset="2" set="0" source="#Plane.140-UV0"/>
          <p> 0 0 0 3 1 1 2 2 2 0 3 3 1 4 4 3 5 5</p>
        </triangles>
      </mesh>
    </geometry>
    <geometry id="Cylinder.001-lib" name="Cylinder.001Mesh">
      <mesh>
        <source id="Cylinder.001-POSITION">
          <float_array id="Cylinder.001-POSITION-array" count="192">
0.000000 1.000000 0.955689
0.000000 1.000000 1.000000
0.195090 0.980785 0.955689
0.195090 0.980785 1.000000
0.382683 0.923880 0.955689
0.382683 0.923880 1.000000
0.555570 0.831470 0.955689
0.555570 0.831470 1.000000
0.707107 0.707107 0.955689
0.707107 0.707107 1.000000
0.831470 0.555570 0.955689
0.831470 0.555570 1.000000
0.923880 0.382683 0.955689
0.923880 0.382683 1.000000
0.980785 0.195090 0.955689
0.980785 0.195090 1.000000
1.000000 0.000000 0.955689
1.000000 0.000000 1.000000
0.980785 -0.195090 0.955689
0.980785 -0.195090 1.000000
0.923880 -0.382683 0.955689
0.923880 -0.382683 1.000000
0.831470 -0.555570 0.955689
0.831470 -0.555570 1.000000
0.707107 -0.707107 0.955689
0.707107 -0.707107 1.000000
0.555570 -0.831470 0.955689
0.555570 -0.831470 1.000000
0.382683 -0.923880 0.955689
0.382683 -0.923880 1.000000
0.195090 -0.980785 0.955689
0.195090 -0.980785 1.000000
0.000000 -1.000000 0.955689
0.000000 -1.000000 1.000000
-0.195090 -0.980785 0.955689
-0.195090 -0.980785 1.000000
-0.382683 -0.923880 0.955689
-0.382683 -0.923880 1.000000
-0.555570 -0.831470 0.955689
-0.555570 -0.831470 1.000000
-0.707107 -0.707107 0.955689
-0.707107 -0.707107 1.000000
-0.831470 -0.555570 0.955689
-0.831470 -0.555570 1.000000
-0.923880 -0.382683 0.955689
-0.923880 -0.382683 1.000000
-0.980785 -0.195090 0.955689
-0.980785 -0.195090 1.000000
-1.000000 0.000000 0.955689
-1.000000 0.000000 1.000000
-0.980785 0.195090 0.955689
-0.980785 0.195090 1.000000
-0.923880 0.382683 0.955689
-0.923880 0.382683 1.000000
-0.831470 0.555570 0.955689
-0.831470 0.555570 1.000000
-0.707107 0.707107 0.955689
-0.707107 0.707107 1.000000
-0.555570 0.831470 0.955689
-0.555570 0.831470 1.000000
-0.382683 0.923880 0.955689
-0.382683 0.923880 1.000000
-0.195090 0.980785 0.955689
-0.195090 0.980785 1.000000
</float_array>
          <technique_common>
            <accessor source="#Cylinder.001-POSITION-array" count="64" stride="3">
              <param name="X" type="float"/>
              <param name="Y" type="float"/>
              <param name="Z" type="float"/>
            </accessor>
          </technique_common>
        </source>
        <source id="Cylinder.001-Normal0">
          <float_array id="Cylinder.001-Normal0-array" count="1116">
0.098017 0.995185 0.000000
0.098017 0.995185 0.000000
0.098017 0.995185 0.000000
0.290285 0.956940 0.000000
0.290285 0.956940 0.000000
0.290285 0.956940 0.000000
0.471397 0.881921 0.000000
0.471397 0.881921 0.000000
0.471397 0.881921 0.000000
0.634393 0.773011 0.000000
0.634393 0.773011 0.000000
0.634393 0.773011 0.000000
0.773011 0.634393 0.000000
0.773011 0.634393 0.000000
0.773011 0.634393 0.000000
0.881921 0.471397 0.000000
0.881921 0.471397 0.000000
0.881921 0.471397 0.000000
0.956940 0.290285 0.000000
0.956940 0.290285 0.000000
0.956940 0.290285 0.000000
0.995185 0.098018 0.000000
0.995185 0.098018 0.000000
0.995185 0.098018 0.000000
0.995185 -0.098016 0.000000
0.995185 -0.098016 0.000000
0.995185 -0.098016 0.000000
0.956940 -0.290285 0.000000
0.956940 -0.290285 0.000000
0.956940 -0.290285 0.000000
0.881922 -0.471397 0.000000
0.881922 -0.471397 0.000000
0.881922 -0.471397 0.000000
0.773011 -0.634393 0.000000
0.773011 -0.634393 0.000000
0.773011 -0.634393 0.000000
0.634393 -0.773011 0.000000
0.634393 -0.773011 0.000000
0.634393 -0.773011 0.000000
0.471397 -0.881921 0.000000
0.471397 -0.881921 0.000000
0.471397 -0.881921 0.000000
0.290285 -0.956940 0.000000
0.290285 -0.956940 0.000000
0.290285 -0.956940 0.000000
0.098017 -0.995185 0.000000
0.098017 -0.995185 0.000000
0.098017 -0.995185 0.000000
-0.098017 -0.995185 0.000000
-0.098017 -0.995185 0.000000
-0.098017 -0.995185 0.000000
-0.290285 -0.956940 0.000000
-0.290285 -0.956940 0.000000
-0.290285 -0.956940 0.000000
-0.471397 -0.881921 0.000000
-0.471397 -0.881921 0.000000
-0.471397 -0.881921 0.000000
-0.634393 -0.773011 0.000000
-0.634393 -0.773011 0.000000
-0.634393 -0.773011 0.000000
-0.773011 -0.634393 0.000000
-0.773011 -0.634393 0.000000
-0.773011 -0.634393 0.000000
-0.881921 -0.471397 0.000000
-0.881921 -0.471397 0.000000
-0.881921 -0.471397 0.000000
-0.956940 -0.290285 0.000000
-0.956940 -0.290285 0.000000
-0.956940 -0.290285 0.000000
-0.995185 -0.098018 0.000000
-0.995185 -0.098018 0.000000
-0.995185 -0.098018 0.000000
-0.995185 0.098016 0.000000
-0.995185 0.098016 0.000000
-0.995185 0.098016 0.000000
-0.956940 0.290285 0.000000
-0.956940 0.290285 0.000000
-0.956940 0.290285 0.000000
-0.881922 0.471397 0.000000
-0.881922 0.471397 0.000000
-0.881922 0.471397 0.000000
-0.773011 0.634393 0.000000
-0.773011 0.634393 0.000000
-0.773011 0.634393 0.000000
-0.634393 0.773011 0.000000
-0.634393 0.773011 0.000000
-0.634393 0.773011 0.000000
-0.471397 0.881921 0.000000
-0.471397 0.881921 0.000000
-0.471397 0.881921 0.000000
0.000000 0.000000 1.000000
0.000000 0.000000 1.000000
0.000000 0.000000 1.000000
-0.290285 0.956940 0.000000
-0.290285 0.956940 0.000000
-0.290285 0.956940 0.000000
-0.098017 0.995185 0.000000
-0.098017 0.995185 0.000000
-0.098017 0.995185 0.000000
0.000000 0.000000 -1.000000
0.000000 0.000000 -1.000000
0.000000 0.000000 -1.000000
0.098017 0.995185 0.000000
0.098017 0.995185 0.000000
0.098017 0.995185 0.000000
0.290285 0.956940 0.000000
0.290285 0.956940 0.000000
0.290285 0.956940 0.000000
0.471397 0.881921 0.000000
0.471397 0.881921 0.000000
0.471397 0.881921 0.000000
0.634393 0.773011 0.000000
0.634393 0.773011 0.000000
0.634393 0.773011 0.000000
0.773011 0.634393 0.000000
0.773011 0.634393 0.000000
0.773011 0.634393 0.000000
0.881922 0.471397 0.000000
0.881922 0.471397 0.000000
0.881922 0.471397 0.000000
0.956940 0.290285 0.000000
0.956940 0.290285 0.000000
0.956940 0.290285 0.000000
0.995185 0.098016 0.000000
0.995185 0.098016 0.000000
0.995185 0.098016 0.000000
0.995185 -0.098018 0.000000
0.995185 -0.098018 0.000000
0.995185 -0.098018 0.000000
0.956941 -0.290284 0.000000
0.956941 -0.290284 0.000000
0.956941 -0.290284 0.000000
0.881921 -0.471397 0.000000
0.881921 -0.471397 0.000000
0.881921 -0.471397 0.000000
0.773011 -0.634393 0.000000
0.773011 -0.634393 0.000000
0.773011 -0.634393 0.000000
0.634393 -0.773011 0.000000
0.634393 -0.773011 0.000000
0.634393 -0.773011 0.000000
0.471397 -0.881921 0.000000
0.471397 -0.881921 0.000000
0.471397 -0.881921 0.000000
0.290285 -0.956940 0.000000
0.290285 -0.956940 0.000000
0.290285 -0.956940 0.000000
0.098017 -0.995185 0.000000
0.098017 -0.995185 0.000000
0.098017 -0.995185 0.000000
-0.098017 -0.995185 0.000000
-0.098017 -0.995185 0.000000
-0.098017 -0.995185 0.000000
-0.290285 -0.956940 0.000000
-0.290285 -0.956940 0.000000
-0.290285 -0.956940 0.000000
-0.471397 -0.881921 0.000000
-0.471397 -0.881921 0.000000
-0.471397 -0.881921 0.000000
-0.634393 -0.773011 0.000000
-0.634393 -0.773011 0.000000
-0.634393 -0.773011 0.000000
-0.773011 -0.634393 0.000000
-0.773011 -0.634393 0.000000
-0.773011 -0.634393 0.000000
-0.881922 -0.471397 0.000000
-0.881922 -0.471397 0.000000
-0.881922 -0.471397 0.000000
-0.956940 -0.290285 0.000000
-0.956940 -0.290285 0.000000
-0.956940 -0.290285 0.000000
-0.995185 -0.098016 0.000000
-0.995185 -0.098016 0.000000
-0.995185 -0.098016 0.000000
-0.995185 0.098018 0.000000
-0.995185 0.098018 0.000000
-0.995185 0.098018 0.000000
-0.956941 0.290284 0.000000
-0.956941 0.290284 0.000000
-0.956941 0.290284 0.000000
-0.881921 0.471397 0.000000
-0.881921 0.471397 0.000000
-0.881921 0.471397 0.000000
-0.773011 0.634393 0.000000
-0.773011 0.634393 0.000000
-0.773011 0.634393 0.000000
-0.634393 0.773011 0.000000
-0.634393 0.773011 0.000000
-0.634393 0.773011 0.000000
-0.471397 0.881921 0.000000
-0.471397 0.881921 0.000000
-0.471397 0.881921 0.000000
0.000000 0.000000 1.000000
0.000000 0.000000 1.000000
0.000000 0.000000 1.000000
0.000000 0.000000 1.000000
0.000000 0.000000 1.000000
0.000000 0.000000 1.000000
0.000000 0.000000 1.000000
0.000000 0.000000 1.000000
0.000000 0.000000 1.000000
0.000000 0.000000 1.000000
0.000000 0.000000 1.000000
0.000000 0.000000 1.000000
0.000000 0.000000 1.000000
0.000000 0.000000 1.000000
0.000000 0.000000 1.000000
0.000000 0.000000 1.000000
0.000000 0.000000 1.000000
0.000000 0.000000 1.000000
0.000000 0.000000 1.000000
0.000000 0.000000 1.000000
0.000000 0.000000 1.000000
0.000000 0.000000 1.000000
0.000000 0.000000 1.000000
0.000000 0.000000 1.000000
0.000000 0.000000 1.000000
0.000000 0.000000 1.000000
0.000000 0.000000 1.000000
0.000000 0.000000 1.000000
0.000000 0.000000 1.000000
0.000000 0.000000 1.000000
0.000000 0.000000 1.000000
0.000000 0.000000 1.000000
0.000000 0.000000 1.000000
0.000000 0.000000 1.000000
0.000000 0.000000 1.000000
0.000000 0.000000 1.000000
0.000000 0.000000 1.000000
0.000000 0.000000 1.000000
0.000000 0.000000 1.000000
0.000000 0.000000 1.000000
0.000000 0.000000 1.000000
0.000000 0.000000 1.000000
0.000000 0.000000 1.000000
0.000000 0.000000 1.000000
0.000000 0.000000 1.000000
0.000000 0.000000 1.000000
0.000000 0.000000 1.000000
0.000000 0.000000 1.000000
0.000000 0.000000 1.000000
0.000000 0.000000 1.000000
0.000000 0.000000 1.000000
0.000000 0.000000 1.000000
0.000000 0.000000 1.000000
0.000000 0.000000 1.000000
0.000000 0.000000 1.000000
0.000000 0.000000 1.000000
0.000000 0.000000 1.000000
0.000000 0.000000 1.000000
0.000000 0.000000 1.000000
0.000000 0.000000 1.000000
0.000000 0.000000 1.000000
0.000000 0.000000 1.000000
0.000000 0.000000 1.000000
0.000000 0.000000 1.000000
0.000000 0.000000 1.000000
0.000000 0.000000 1.000000
0.000000 0.000000 1.000000
0.000000 0.000000 1.000000
0.000000 0.000000 1.000000
0.000000 0.000000 1.000000
0.000000 0.000000 1.000000
0.000000 0.000000 1.000000
0.000000 0.000000 1.000000
0.000000 0.000000 1.000000
0.000000 0.000000 1.000000
0.000000 0.000000 1.000000
0.000000 0.000000 1.000000
0.000000 0.000000 1.000000
0.000000 0.000000 1.000000
0.000000 0.000000 1.000000
0.000000 0.000000 1.000000
0.000000 0.000000 1.000000
0.000000 0.000000 1.000000
0.000000 0.000000 1.000000
0.000000 0.000000 1.000000
0.000000 0.000000 1.000000
0.000000 0.000000 1.000000
-0.290285 0.956940 0.000000
-0.290285 0.956940 0.000000
-0.290285 0.956940 0.000000
-0.098017 0.995185 0.000000
-0.098017 0.995185 0.000000
-0.098017 0.995185 0.000000
0.000000 0.000000 -1.000000
0.000000 0.000000 -1.000000
0.000000 0.000000 -1.000000
0.000000 0.000000 -1.000000
0.000000 0.000000 -1.000000
0.000000 0.000000 -1.000000
-0.000004 0.000000 -1.000000
-0.000004 0.000000 -1.000000
-0.000004 0.000000 -1.000000
-0.000008 0.000000 -1.000000
-0.000008 0.000000 -1.000000
-0.000008 0.000000 -1.000000
0.000000 0.000000 -1.000000
0.000000 0.000000 -1.000000
0.000000 0.000000 -1.000000
-0.000008 0.000000 -1.000000
-0.000008 0.000000 -1.000000
-0.000008 0.000000 -1.000000
-0.000004 0.000000 -1.000000
-0.000004 0.000000 -1.000000
-0.000004 0.000000 -1.000000
0.000000 0.000000 -1.000000
0.000000 0.000000 -1.000000
0.000000 0.000000 -1.000000
0.000000 0.000000 -1.000000
0.000000 0.000000 -1.000000
0.000000 0.000000 -1.000000
0.000000 0.000000 -1.000000
0.000000 0.000000 -1.000000
0.000000 0.000000 -1.000000
0.000004 0.000000 -1.000000
0.000004 0.000000 -1.000000
0.000004 0.000000 -1.000000
0.000008 0.000000 -1.000000
0.000008 0.000000 -1.000000
0.000008 0.000000 -1.000000
0.000000 0.000000 -1.000000
0.000000 0.000000 -1.000000
0.000000 0.000000 -1.000000
0.000008 0.000000 -1.000000
0.000008 0.000000 -1.000000
0.000008 0.000000 -1.000000
0.000004 0.000000 -1.000000
0.000004 0.000000 -1.000000
0.000004 0.000000 -1.000000
0.000000 0.000000 -1.000000
0.000000 0.000000 -1.000000
0.000000 0.000000 -1.000000
0.000000 0.000000 -1.000000
0.000000 0.000000 -1.000000
0.000000 0.000000 -1.000000
0.000000 0.000000 -1.000000
0.000000 0.000000 -1.000000
0.000000 0.000000 -1.000000
0.000000 0.000000 -1.000000
0.000000 0.000000 -1.000000
0.000000 0.000000 -1.000000
0.000000 0.000000 -1.000000
0.000000 0.000000 -1.000000
0.000000 0.000000 -1.000000
0.000000 0.000000 -1.000000
0.000000 0.000000 -1.000000
0.000000 0.000000 -1.000000
0.000000 0.000000 -1.000000
0.000000 0.000000 -1.000000
0.000000 0.000000 -1.000000
0.000000 0.000000 -1.000000
0.000000 0.000000 -1.000000
0.000000 0.000000 -1.000000
0.000000 0.000000 -1.000000
0.000000 0.000000 -1.000000
0.000000 0.000000 -1.000000
0.000000 0.000000 -1.000000
0.000000 0.000000 -1.000000
0.000000 0.000000 -1.000000
0.000000 0.000000 -1.000000
0.000000 0.000000 -1.000000
0.000000 0.000000 -1.000000
-0.000000 0.000000 -1.000000
-0.000000 0.000000 -1.000000
-0.000000 0.000000 -1.000000
0.000000 0.000000 -1.000000
0.000000 0.000000 -1.000000
0.000000 0.000000 -1.000000
0.000000 0.000000 -1.000000
0.000000 0.000000 -1.000000
0.000000 0.000000 -1.000000
</float_array>
          <technique_common>
            <accessor source="#Cylinder.001-Normal0-array" count="372" stride="3">
              <param name="X" type="float"/>
              <param name="Y" type="float"/>
              <param name="Z" type="float"/>
            </accessor>
          </technique_common>
        </source>
        <source id="Cylinder.001-UV0">
          <float_array id="Cylinder.001-UV0-array" count="744">
1.000000 1.000000
0.968750 0.500000
1.000000 0.500000
0.968750 1.000000
0.937500 0.500000
0.968750 0.500000
0.937500 1.000000
0.906250 0.500000
0.937500 0.500000
0.906250 1.000000
0.875000 0.500000
0.906250 0.500000
0.875000 1.000000
0.843750 0.500000
0.875000 0.500000
0.843750 1.000000
0.812500 0.500000
0.843750 0.500000
0.812500 1.000000
0.781250 0.500000
0.812500 0.500000
0.781250 1.000000
0.750000 0.500000
0.781250 0.500000
0.750000 1.000000
0.718750 0.500000
0.750000 0.500000
0.718750 1.000000
0.687500 0.500000
0.718750 0.500000
0.687500 1.000000
0.656250 0.500000
0.687500 0.500000
0.656250 1.000000
0.625000 0.500000
0.656250 0.500000
0.625000 1.000000
0.593750 0.500000
0.625000 0.500000
0.593750 1.000000
0.562500 0.500000
0.593750 0.500000
0.562500 1.000000
0.531250 0.500000
0.562500 0.500000
0.531250 1.000000
0.500000 0.500000
0.531250 0.500000
0.500000 1.000000
0.468750 0.500000
0.500000 0.500000
0.468750 1.000000
0.437500 0.500000
0.468750 0.500000
0.437500 1.000000
0.406250 0.500000
0.437500 0.500000
0.406250 1.000000
0.375000 0.500000
0.406250 0.500000
0.375000 1.000000
0.343750 0.500000
0.375000 0.500000
0.343750 1.000000
0.312500 0.500000
0.343750 0.500000
0.312500 1.000000
0.281250 0.500000
0.312500 0.500000
0.281250 1.000000
0.250000 0.500000
0.281250 0.500000
0.250000 1.000000
0.218750 0.500000
0.250000 0.500000
0.218750 1.000000
0.187500 0.500000
0.218750 0.500000
0.187500 1.000000
0.156250 0.500000
0.187500 0.500000
0.156250 1.000000
0.125000 0.500000
0.156250 0.500000
0.125000 1.000000
0.093750 0.500000
0.125000 0.500000
0.093750 1.000000
0.062500 0.500000
0.093750 0.500000
0.158156 0.028269
0.471731 0.158156
0.341844 0.471731
0.062500 1.000000
0.031250 0.500000
0.062500 0.500000
0.031250 1.000000
0.000000 0.500000
0.031250 0.500000
0.796822 0.014612
0.514612 0.203178
0.703178 0.485388
1.000000 1.000000
0.968750 1.000000
0.968750 0.500000
0.968750 1.000000
0.937500 1.000000
0.937500 0.500000
0.937500 1.000000
0.906250 1.000000
0.906250 0.500000
0.906250 1.000000
0.875000 1.000000
0.875000 0.500000
0.875000 1.000000
0.843750 1.000000
0.843750 0.500000
0.843750 1.000000
0.812500 1.000000
0.812500 0.500000
0.812500 1.000000
0.781250 1.000000
0.781250 0.500000
0.781250 1.000000
0.750000 1.000000
0.750000 0.500000
0.750000 1.000000
0.718750 1.000000
0.718750 0.500000
0.718750 1.000000
0.687500 1.000000
0.687500 0.500000
0.687500 1.000000
0.656250 1.000000
0.656250 0.500000
0.656250 1.000000
0.625000 1.000000
0.625000 0.500000
0.625000 1.000000
0.593750 1.000000
0.593750 0.500000
0.593750 1.000000
0.562500 1.000000
0.562500 0.500000
0.562500 1.000000
0.531250 1.000000
0.531250 0.500000
0.531250 1.000000
0.500000 1.000000
0.500000 0.500000
0.500000 1.000000
0.468750 1.000000
0.468750 0.500000
0.468750 1.000000
0.437500 1.000000
0.437500 0.500000
0.437500 1.000000
0.406250 1.000000
0.406250 0.500000
0.406250 1.000000
0.375000 1.000000
0.375000 0.500000
0.375000 1.000000
0.343750 1.000000
0.343750 0.500000
0.343750 1.000000
0.312500 1.000000
0.312500 0.500000
0.312500 1.000000
0.281250 1.000000
0.281250 0.500000
0.281250 1.000000
0.250000 1.000000
0.250000 0.500000
0.250000 1.000000
0.218750 1.000000
0.218750 0.500000
0.218750 1.000000
0.187500 1.000000
0.187500 0.500000
0.187500 1.000000
0.156250 1.000000
0.156250 0.500000
0.156250 1.000000
0.125000 1.000000
0.125000 0.500000
0.125000 1.000000
0.093750 1.000000
0.093750 0.500000
0.093750 1.000000
0.062500 1.000000
0.062500 0.500000
0.341844 0.471731
0.296822 0.485388
0.250000 0.490000
0.250000 0.490000
0.203178 0.485388
0.341844 0.471731
0.203178 0.485388
0.158156 0.471731
0.341844 0.471731
0.158156 0.471731
0.116663 0.449553
0.080294 0.419706
0.080294 0.419706
0.050447 0.383337
0.028269 0.341844
0.028269 0.341844
0.014612 0.296822
0.010000 0.250000
0.010000 0.250000
0.014612 0.203178
0.028269 0.341844
0.014612 0.203178
0.028269 0.158156
0.028269 0.341844
0.028269 0.158156
0.050447 0.116663
0.080294 0.080294
0.080294 0.080294
0.116663 0.050447
0.158156 0.028269
0.158156 0.028269
0.203178 0.014612
0.341844 0.028269
0.203178 0.014612
0.250000 0.010000
0.341844 0.028269
0.250000 0.010000
0.296822 0.014612
0.341844 0.028269
0.341844 0.028269
0.383337 0.050447
0.419706 0.080294
0.419706 0.080294
0.449553 0.116663
0.471731 0.158156
0.471731 0.158156
0.485388 0.203178
0.471731 0.341844
0.485388 0.203178
0.490000 0.250000
0.471731 0.341844
0.490000 0.250000
0.485388 0.296822
0.471731 0.341844
0.471731 0.341844
0.449553 0.383337
0.419706 0.419706
0.419706 0.419706
0.383337 0.449553
0.341844 0.471731
0.158156 0.471731
0.080294 0.419706
0.341844 0.471731
0.080294 0.419706
0.028269 0.341844
0.341844 0.471731
0.028269 0.158156
0.080294 0.080294
0.028269 0.341844
0.080294 0.080294
0.158156 0.028269
0.028269 0.341844
0.341844 0.028269
0.419706 0.080294
0.158156 0.028269
0.419706 0.080294
0.471731 0.158156
0.158156 0.028269
0.471731 0.341844
0.419706 0.419706
0.471731 0.158156
0.419706 0.419706
0.341844 0.471731
0.471731 0.158156
0.341844 0.471731
0.028269 0.341844
0.158156 0.028269
0.062500 1.000000
0.031250 1.000000
0.031250 0.500000
0.031250 1.000000
0.000000 1.000000
0.000000 0.500000
0.703178 0.485388
0.750000 0.490000
0.796822 0.485388
0.796822 0.485388
0.841844 0.471731
0.883337 0.449553
0.883337 0.449553
0.919706 0.419706
0.949553 0.383337
0.949553 0.383337
0.971731 0.341844
0.985389 0.296822
0.985389 0.296822
0.990000 0.250000
0.985389 0.203178
0.985389 0.203178
0.971731 0.158156
0.949553 0.116663
0.949553 0.116663
0.919706 0.080294
0.883337 0.050447
0.883337 0.050447
0.841844 0.028269
0.796822 0.014612
0.796822 0.014612
0.750000 0.010000
0.703178 0.014612
0.703178 0.014612
0.658156 0.028269
0.616663 0.050447
0.616663 0.050447
0.580294 0.080294
0.550447 0.116663
0.550447 0.116663
0.528269 0.158156
0.514612 0.203178
0.514612 0.203178
0.510000 0.250000
0.514612 0.296822
0.514612 0.296822
0.528269 0.341844
0.550447 0.383337
0.550447 0.383337
0.580294 0.419706
0.616663 0.449553
0.616663 0.449553
0.658156 0.471731
0.703178 0.485388
0.703178 0.485388
0.796822 0.485388
0.985389 0.296822
0.796822 0.485388
0.883337 0.449553
0.985389 0.296822
0.883337 0.449553
0.949553 0.383337
0.985389 0.296822
0.985389 0.296822
0.985389 0.203178
0.796822 0.014612
0.985389 0.203178
0.949553 0.116663
0.796822 0.014612
0.949553 0.116663
0.883337 0.050447
0.796822 0.014612
0.796822 0.014612
0.703178 0.014612
0.514612 0.203178
0.703178 0.014612
0.616663 0.050447
0.514612 0.203178
0.616663 0.050447
0.550447 0.116663
0.514612 0.203178
0.514612 0.203178
0.514612 0.296822
0.703178 0.485388
0.514612 0.296822
0.550447 0.383337
0.703178 0.485388
0.550447 0.383337
0.616663 0.449553
0.703178 0.485388
0.703178 0.485388
0.985389 0.296822
0.796822 0.014612
</float_array>
          <technique_common>
            <accessor source="#Cylinder.001-UV0-array" count="372" stride="2">
              <param name="S" type="float"/>
              <param name="T" type="float"/>
            </accessor>
          </technique_common>
        </source>
        <vertices id="Cylinder.001-VERTEX">
          <input semantic="POSITION" source="#Cylinder.001-POSITION"/>
        </vertices>
        <triangles count="124" material="Material.001">
          <input semantic="VERTEX" offset="0" source="#Cylinder.001-VERTEX"/>
          <input semantic="NORMAL" offset="1" source="#Cylinder.001-Normal0"/>
          <input semantic="TEXCOORD" offset="2" set="0" source="#Cylinder.001-UV0"/>
          <p> 1 0 0 2 1 1 0 2 2 3 3 3 4 4 4 2 5 5 5 6 6 6 7 7 4 8 8 7 9 9 8 10 10 6 11 11 9 12 12 10 13 13 8 14 14 11 15 15 12 16 16 10 17 17 13 18 18 14 19 19 12 20 20 15 21 21 16 22 22 14 23 23 17 24 24 18 25 25 16 26 26 19 27 27 20 28 28 18 29 29 21 30 30 22 31 31 20 32 32 23 33 33 24 34 34 22 35 35 25 36 36 26 37 37 24 38 38 27 39 39 28 40 40 26 41 41 29 42 42 30 43 43 28 44 44 31 45 45 32 46 46 30 47 47 33 48 48 34 49 49 32 50 50 35 51 51 36 52 52 34 53 53 37 54 54 38 55 55 36 56 56 39 57 57 40 58 58 38 59 59 41 60 60 42 61 61 40 62 62 43 63 63 44 64 64 42 65 65 45 66 66 46 67 67 44 68 68 47 69 69 48 70 70 46 71 71 49 72 72 50 73 73 48 74 74 51 75 75 52 76 76 50 77 77 53 78 78 54 79 79 52 80 80 55 81 81 56 82 82 54 83 83 57 84 84 58 85 85 56 86 86 59 87 87 60 88 88 58 89 89 37 90 90 21 91 91 5 92 92 61 93 93 62 94 94 60 95 95 63 96 96 0 97 97 62 98 98 30 99 99 46 100 100 62 101 101 1 102 102 3 103 103 2 104 104 3 105 105 5 106 106 4 107 107 5 108 108 7 109 109 6 110 110 7 111 111 9 112 112 8 113 113 9 114 114 11 115 115 10 116 116 11 117 117 13 118 118 12 119 119 13 120 120 15 121 121 14 122 122 15 123 123 17 124 124 16 125 125 17 126 126 19 127 127 18 128 128 19 129 129 21 130 130 20 131 131 21 132 132 23 133 133 22 134 134 23 135 135 25 136 136 24 137 137 25 138 138 27 139 139 26 140 140 27 141 141 29 142 142 28 143 143 29 144 144 31 145 145 30 146 146 31 147 147 33 148 148 32 149 149 33 150 150 35 151 151 34 152 152 35 153 153 37 154 154 36 155 155 37 156 156 39 157 157 38 158 158 39 159 159 41 160 160 40 161 161 41 162 162 43 163 163 42 164 164 43 165 165 45 166 166 44 167 167 45 168 168 47 169 169 46 170 170 47 171 171 49 172 172 48 173 173 49 174 174 51 175 175 50 176 176 51 177 177 53 178 178 52 179 179 53 180 180 55 181 181 54 182 182 55 183 183 57 184 184 56 185 185 57 186 186 59 187 187 58 188 188 59 189 189 61 190 190 60 191 191 5 192 192 3 193 193 1 194 194 1 195 195 63 196 196 5 197 197 63 198 198 61 199 199 5 200 200 61 201 201 59 202 202 57 203 203 57 204 204 55 205 205 53 206 206 53 207 207 51 208 208 49 209 209 49 210 210 47 211 211 53 212 212 47 213 213 45 214 214 53 215 215 45 216 216 43 217 217 41 218 218 41 219 219 39 220 220 37 221 221 37 222 222 35 223 223 29 224 224 35 225 225 33 226 226 29 227 227 33 228 228 31 229 229 29 230 230 29 231 231 27 232 232 25 233 233 25 234 234 23 235 235 21 236 236 21 237 237 19 238 238 13 239 239 19 240 240 17 241 241 13 242 242 17 243 243 15 244 244 13 245 245 13 246 246 11 247 247 9 248 248 9 249 249 7 250 250 5 251 251 61 252 252 57 253 253 5 254 254 57 255 255 53 256 256 5 257 257 45 258 258 41 259 259 53 260 260 41 261 261 37 262 262 53 263 263 29 264 264 25 265 265 37 266 266 25 267 267 21 268 268 37 269 269 13 270 270 9 271 271 21 272 272 9 273 273 5 274 274 21 275 275 5 276 276 53 277 277 37 278 278 61 279 279 63 280 280 62 281 281 63 282 282 1 283 283 0 284 284 62 285 285 0 286 286 2 287 287 2 288 288 4 289 289 6 290 290 6 291 291 8 292 292 10 293 293 10 294 294 12 295 295 14 296 296 14 297 297 16 298 298 18 299 299 18 300 300 20 301 301 22 302 302 22 303 303 24 304 304 26 305 305 26 306 306 28 307 307 30 308 308 30 309 309 32 310 310 34 311 311 34 312 312 36 313 313 38 314 314 38 315 315 40 316 316 42 317 317 42 318 318 44 319 319 46 320 320 46 321 321 48 322 322 50 323 323 50 324 324 52 325 325 54 326 326 54 327 327 56 328 328 58 329 329 58 330 330 60 331 331 62 332 332 62 333 333 2 334 334 14 335 335 2 336 336 6 337 337 14 338 338 6 339 339 10 340 340 14 341 341 14 342 342 18 343 343 30 344 344 18 345 345 22 346 346 30 347 347 22 348 348 26 349 349 30 350 350 30 351 351 34 352 352 46 353 353 34 354 354 38 355 355 46 356 356 38 357 357 42 358 358 46 359 359 46 360 360 50 361 361 62 362 362 50 363 363 54 364 364 62 365 365 54 366 366 58 367 367 62 368 368 62 369 369 14 370 370 30 371 371</p>
        </triangles>
      </mesh>
    </geometry>
    <geometry id="Cube-lib" name="CubeMesh">
      <mesh>
        <source id="Cube-POSITION">
          <float_array id="Cube-POSITION-array" count="72">
-0.892134 -5.383932 -1.000000
-0.892134 -5.403175 2.061405
-0.877736 1.314841 -1.000000
-0.877736 1.290570 2.049899
12.830180 -5.415016 -1.000000
12.830180 -5.415016 2.061405
12.731160 1.277718 -1.000000
12.731160 1.253447 2.049899
-0.892134 -5.332233 1.990018
-0.892134 -5.313427 2.061405
12.830180 -5.344590 1.988574
12.830180 -5.325269 2.061405
-0.877736 1.196066 2.049899
12.731160 1.172446 1.982603
-0.877736 1.209555 1.997661
12.731160 1.158944 2.049899
-0.877736 1.208953 2.049899
12.731160 1.195798 -1.000000
-0.877736 1.233161 -1.000000
12.731160 1.171831 2.049899
-0.892134 -5.313460 -1.000000
12.830180 -5.344599 2.061405
-0.892134 -5.332757 2.061405
12.830180 -5.344337 -1.000000
</float_array>
          <technique_common>
            <accessor source="#Cube-POSITION-array" count="24" stride="3">
              <param name="X" type="float"/>
              <param name="Y" type="float"/>
              <param name="Z" type="float"/>
            </accessor>
          </technique_common>
        </source>
        <source id="Cube-Normal0">
          <float_array id="Cube-Normal0-array" count="396">
-1.000000 0.000000 0.000000
-1.000000 0.000000 0.000000
-1.000000 0.000000 0.000000
0.002728 0.999965 0.007958
0.002728 0.999965 0.007958
0.002728 0.999965 0.007958
1.000000 0.000000 0.000000
1.000000 0.000000 0.000000
1.000000 0.000000 0.000000
-0.002265 -0.999978 -0.006286
-0.002265 -0.999978 -0.006286
-0.002265 -0.999978 -0.006286
0.000000 0.000000 -1.000000
0.000000 0.000000 -1.000000
0.000000 0.000000 -1.000000
0.000000 0.000000 1.000000
0.000000 0.000000 1.000000
0.000000 0.000000 1.000000
0.000002 0.001774 0.999999
0.000002 0.001774 0.999999
0.000002 0.001774 0.999999
-0.001103 0.001171 -0.999999
-0.001103 0.001171 -0.999999
-0.001103 0.001171 -0.999999
0.999877 0.015188 -0.004029
0.999877 0.015188 -0.004029
0.999877 0.015188 -0.004029
-1.000000 0.000000 0.000000
-1.000000 0.000000 0.000000
-1.000000 0.000000 0.000000
-1.000000 0.000025 0.000087
-1.000000 0.000020 0.000086
-1.000000 0.000016 0.000088
-0.002735 -0.999965 -0.007874
-0.002735 -0.999965 -0.007874
-0.002735 -0.999965 -0.007874
0.000000 0.000000 1.000000
0.000000 0.000000 1.000000
0.000000 0.000000 1.000000
-0.999997 0.002202 -0.000580
-0.999997 0.002202 -0.000580
-0.999997 0.002202 -0.000580
0.000000 0.000000 1.000000
0.000000 0.000000 1.000000
0.000000 0.000000 1.000000
0.000000 0.000000 -1.000000
0.000000 0.000000 -1.000000
0.000000 0.000000 -1.000000
1.000000 0.000000 0.000000
1.000000 0.000000 0.000000
1.000000 0.000000 0.000000
1.000000 0.000000 0.000000
1.000000 0.000000 0.000000
1.000000 0.000000 0.000000
-1.000000 0.000000 0.000000
-1.000000 0.000000 0.000000
-1.000000 0.000000 0.000000
0.000000 0.000000 1.000000
0.000000 0.000000 1.000000
0.000000 0.000000 1.000000
0.000901 0.999980 0.006279
0.000901 0.999980 0.006279
0.000901 0.999980 0.006279
1.000000 0.000000 0.000000
1.000000 0.000000 0.000000
1.000000 0.000000 0.000000
-1.000000 0.000000 0.000000
-1.000000 0.000000 0.000000
-1.000000 0.000000 0.000000
0.002728 0.999965 0.007958
0.002728 0.999965 0.007958
0.002728 0.999965 0.007958
1.000000 0.000000 0.000000
1.000000 0.000000 0.000000
1.000000 0.000000 0.000000
-0.000863 -1.000000 0.000000
-0.000863 -1.000000 0.000000
-0.000863 -1.000000 0.000000
0.000000 0.000000 -1.000000
0.000000 0.000000 -1.000000
0.000000 0.000000 -1.000000
0.000000 0.000000 1.000000
0.000000 0.000000 1.000000
0.000000 0.000000 1.000000
0.000005 0.001768 0.999999
0.000005 0.001768 0.999999
0.000005 0.001768 0.999999
-0.000106 -0.000918 -1.000000
-0.000106 -0.000918 -1.000000
-0.000106 -0.000918 -1.000000
0.999879 0.015275 0.003064
0.999879 0.015275 0.003064
0.999879 0.015275 0.003064
-1.000000 0.000000 0.000000
-1.000000 0.000000 0.000000
-1.000000 0.000000 0.000000
1.000000 0.000000 0.000000
1.000000 0.000000 0.000000
1.000000 0.000000 0.000000
-0.002745 -0.999966 -0.007829
-0.002745 -0.999966 -0.007829
-0.002745 -0.999966 -0.007829
0.000000 0.000000 1.000000
0.000000 0.000000 1.000000
0.000000 0.000000 1.000000
-0.999997 0.002213 0.000571
-0.999997 0.002213 0.000571
-0.999997 0.002213 0.000571
0.000000 0.000000 1.000000
0.000000 0.000000 1.000000
0.000000 0.000000 1.000000
0.000000 0.000000 -1.000000
0.000000 0.000000 -1.000000
0.000000 0.000000 -1.000000
1.000000 0.000000 0.000000
1.000000 0.000000 0.000000
1.000000 0.000000 0.000000
-1.000000 0.000000 0.000000
-1.000000 0.000000 0.000000
-1.000000 0.000000 0.000000
-1.000000 0.000000 0.000000
-1.000000 0.000000 0.000000
-1.000000 0.000000 0.000000
0.000000 0.000000 1.000000
0.000000 0.000000 1.000000
0.000000 0.000000 1.000000
0.002250 0.999998 0.000084
0.002250 0.999998 0.000084
0.002250 0.999998 0.000084
1.000000 0.000000 0.000000
1.000000 0.000000 0.000000
1.000000 0.000000 0.000000
</float_array>
          <technique_common>
            <accessor source="#Cube-Normal0-array" count="132" stride="3">
              <param name="X" type="float"/>
              <param name="Y" type="float"/>
              <param name="Z" type="float"/>
            </accessor>
          </technique_common>
        </source>
        <source id="Cube-UV0">
          <float_array id="Cube-UV0-array" count="264">
0.375000 0.246879
0.625000 0.250000
0.375000 0.250000
0.625000 0.250000
0.375000 0.500000
0.375000 0.250000
0.625000 0.747307
0.375000 0.750000
0.375000 0.747307
0.375000 0.750000
0.625000 1.000000
0.375000 1.000000
0.375000 0.747307
0.125000 0.750000
0.125000 0.747307
0.625000 0.747307
0.875000 0.750000
0.625000 0.750000
0.625000 0.503614
0.875000 0.746568
0.625000 0.746568
0.375000 0.503614
0.125000 0.746568
0.125000 0.503614
0.375000 0.503614
0.625000 0.746568
0.375000 0.746568
0.625000 0.002693
0.375000 0.003432
0.375000 0.002693
0.625000 0.503121
0.375000 0.503614
0.375000 0.503121
0.125000 0.503121
0.375000 0.503614
0.125000 0.503614
0.625000 0.503121
0.875000 0.503614
0.625000 0.503614
0.625000 0.003432
0.375000 0.246386
0.375000 0.003432
0.625000 0.500000
0.875000 0.503121
0.625000 0.503121
0.375000 0.500000
0.125000 0.503121
0.125000 0.500000
0.625000 0.500000
0.375000 0.503121
0.375000 0.500000
0.375000 0.246386
0.625000 0.246879
0.375000 0.246879
0.375000 0.000000
0.625000 0.002693
0.375000 0.002693
0.625000 0.746568
0.875000 0.747307
0.625000 0.747307
0.375000 0.746568
0.125000 0.747307
0.125000 0.746568
0.375000 0.746568
0.625000 0.747307
0.375000 0.747307
0.375000 0.246879
0.625000 0.246879
0.625000 0.250000
0.625000 0.250000
0.625000 0.500000
0.375000 0.500000
0.625000 0.747307
0.625000 0.750000
0.375000 0.750000
0.375000 0.750000
0.625000 0.750000
0.625000 1.000000
0.375000 0.747307
0.375000 0.750000
0.125000 0.750000
0.625000 0.747307
0.875000 0.747307
0.875000 0.750000
0.625000 0.503614
0.875000 0.503614
0.875000 0.746568
0.375000 0.503614
0.375000 0.746568
0.125000 0.746568
0.375000 0.503614
0.625000 0.503614
0.625000 0.746568
0.625000 0.002693
0.625000 0.003432
0.375000 0.003432
0.625000 0.503121
0.625000 0.503614
0.375000 0.503614
0.125000 0.503121
0.375000 0.503121
0.375000 0.503614
0.625000 0.503121
0.875000 0.503121
0.875000 0.503614
0.625000 0.003432
0.625000 0.246386
0.375000 0.246386
0.625000 0.500000
0.875000 0.500000
0.875000 0.503121
0.375000 0.500000
0.375000 0.503121
0.125000 0.503121
0.625000 0.500000
0.625000 0.503121
0.375000 0.503121
0.375000 0.246386
0.625000 0.246386
0.625000 0.246879
0.375000 0.000000
0.625000 0.000000
0.625000 0.002693
0.625000 0.746568
0.875000 0.746568
0.875000 0.747307
0.375000 0.746568
0.375000 0.747307
0.125000 0.747307
0.375000 0.746568
0.625000 0.746568
0.625000 0.747307
</float_array>
          <technique_common>
            <accessor source="#Cube-UV0-array" count="132" stride="2">
              <param name="S" type="float"/>
              <param name="T" type="float"/>
            </accessor>
          </technique_common>
        </source>
        <vertices id="Cube-VERTEX">
          <input semantic="POSITION" source="#Cube-POSITION"/>
        </vertices>
        <triangles count="44" material="Material.022">
          <input semantic="VERTEX" offset="0" source="#Cube-VERTEX"/>
          <input semantic="NORMAL" offset="1" source="#Cube-Normal0"/>
          <input semantic="TEXCOORD" offset="2" set="0" source="#Cube-UV0"/>
          <p> 18 0 0 3 1 1 2 2 2 3 3 3 6 4 4 2 5 5 21 6 6 4 7 7 23 8 8 4 9 9 1 10 10 0 11 11 23 12 12 0 13 13 20 14 14 21 15 15 1 16 16 5 17 17 15 18 18 9 19 19 11 20 20 13 21 21 8 22 22 14 23 23 13 24 24 11 25 25 10 26 26 22 27 27 8 28 28 20 29 29 19 30 30 13 31 31 17 32 32 18 33 33 13 34 34 14 35 35 19 36 36 12 37 37 15 38 38 9 39 39 14 40 40 8 41 41 7 42 42 16 43 43 19 44 44 6 45 45 18 46 46 2 47 47 7 48 48 17 49 49 6 50 50 14 51 51 16 52 52 18 53 53 0 54 54 22 55 55 20 56 56 11 57 57 22 58 58 21 59 59 10 60 60 20 61 61 8 62 62 10 63 63 21 64 64 23 65 65 18 66 66 16 67 67 3 68 68 3 69 69 7 70 70 6 71 71 21 72 72 5 73 73 4 74 74 4 75 75 5 76 76 1 77 77 23 78 78 4 79 79 0 80 80 21 81 81 22 82 82 1 83 83 15 84 84 12 85 85 9 86 86 13 87 87 10 88 88 8 89 89 13 90 90 15 91 91 11 92 92 22 93 93 9 94 94 8 95 95 19 96 96 15 97 97 13 98 98 18 99 99 17 100 100 13 101 101 19 102 102 16 103 103 12 104 104 9 105 105 12 106 106 14 107 107 7 108 108 3 109 109 16 110 110 6 111 111 17 112 112 18 113 113 7 114 114 19 115 115 17 116 116 14 117 117 12 118 118 16 119 119 0 120 120 1 121 121 22 122 122 11 123 123 9 124 124 22 125 125 10 126 126 23 127 127 20 128 128 10 129 129 11 130 130 21 131 131</p>
        </triangles>
      </mesh>
    </geometry>
    <geometry id="dFBXASC196FBXASC177s_duvar-lib" name="dFBXASC196FBXASC177s_duvarMesh">
      <mesh>
        <source id="dFBXASC196FBXASC177s_duvar-POSITION">
          <float_array id="dFBXASC196FBXASC177s_duvar-POSITION-array" count="468">
-1248.188965 -1086.999756 0.000000
-1248.188965 -582.107544 0.000000
-1378.188843 -452.108124 0.000000
-1378.188965 -91.892410 0.000000
-1248.188965 38.107582 0.000000
-1248.188965 1364.302002 0.000000
-1242.986084 1409.428101 0.000000
-1228.166992 1450.862549 0.000000
-1204.916992 1487.420532 0.000000
-1174.420410 1517.916748 0.000000
-1137.862915 1541.167236 0.000000
-1096.428223 1555.986084 0.000000
-1051.301636 1561.188965 0.000000
2418.188965 1561.188965 0.000000
2418.188965 155.126007 0.000000
1468.188843 155.125977 0.000000
1468.188965 -1037.000000 0.000000
1480.000000 -1037.000000 0.000000
1480.000000 143.314957 0.000000
2430.000000 143.314957 0.000000
2430.000000 1573.000000 0.000000
-1051.349487 1573.000000 0.000000
-1099.158325 1567.483887 0.000000
-1143.063110 1551.774170 0.000000
-1181.806152 1527.129028 0.000000
-1214.129028 1494.805908 0.000000
-1238.774414 1456.063232 0.000000
-1254.483887 1412.158569 0.000000
-1260.000000 1364.349487 0.000000
-1260.000000 43.000000 0.000000
-1390.000000 -87.000000 0.000000
-1390.000000 -457.000000 0.000000
-1260.000000 -587.000000 0.000000
-1260.000000 -1087.000000 0.000000
-1248.188965 -1086.999756 39.370079
-1248.188965 -582.107544 39.370079
-1378.188843 -452.108124 39.370079
-1378.188965 -91.892410 39.370079
-1248.188965 38.107582 39.370079
-1248.188965 1364.302002 39.370079
-1242.986084 1409.428101 39.370079
-1228.166992 1450.862549 39.370079
-1204.916992 1487.420532 39.370079
-1174.420410 1517.916748 39.370079
-1137.862915 1541.167236 39.370079
-1096.428223 1555.986084 39.370079
-1051.301636 1561.188965 39.370079
2418.188965 1561.188965 39.370079
2418.188965 155.126007 39.370079
1468.188843 155.125977 39.370079
1468.188965 -1037.000000 39.370079
1480.000000 -1037.000000 39.370079
1480.000000 143.314957 39.370079
2430.000000 143.314957 39.370079
2430.000000 1573.000000 39.370079
-1051.349487 1573.000000 39.370079
-1099.158325 1567.483887 39.370079
-1143.063110 1551.774170 39.370079
-1181.806152 1527.129028 39.370079
-1214.129028 1494.805908 39.370079
-1238.774414 1456.063232 39.370079
-1254.483887 1412.158569 39.370079
-1260.000000 1364.349487 39.370079
-1260.000000 43.000000 39.370079
-1390.000000 -87.000000 39.370079
-1390.000000 -457.000000 39.370079
-1260.000000 -587.000000 39.370079
-1260.000000 -1087.000000 39.370079
1468.189087 -1037.047974 0.000000
1468.188965 -1039.952271 0.000000
1460.650269 -1105.322266 0.000000
1439.179443 -1165.347534 0.000000
1405.493896 -1218.310547 0.000000
1361.310547 -1262.493530 0.000000
1308.348022 -1296.179565 0.000000
1248.322632 -1317.650391 0.000000
1182.952148 -1325.188965 0.000000
-154.892349 -1325.188965 0.000000
-244.892136 -1415.189087 0.000000
-645.108276 -1415.189087 0.000000
-735.107483 -1325.188965 0.000000
-1012.452209 -1325.188965 0.000000
-1066.480225 -1318.958984 0.000000
-1116.089600 -1301.214966 0.000000
-1159.861206 -1273.376099 0.000000
-1196.375854 -1236.861328 0.000000
-1224.215088 -1193.089844 0.000000
-1241.959106 -1143.480347 0.000000
-1248.188965 -1089.452148 0.000000
-1248.188965 -1087.000000 0.000000
-1260.000000 -1087.000000 0.000000
-1260.000000 -1089.500122 0.000000
-1253.456909 -1146.210693 0.000000
-1234.822144 -1198.290283 0.000000
-1205.588257 -1244.246826 0.000000
-1167.246704 -1282.588135 0.000000
-1121.290405 -1311.822388 0.000000
-1069.210693 -1330.456909 0.000000
-1012.500000 -1337.000000 0.000000
-740.000000 -1337.000000 0.000000
-650.000000 -1427.000000 0.000000
-240.000000 -1427.000000 0.000000
-150.000000 -1337.000000 0.000000
1183.000000 -1337.000000 0.000000
1251.052734 -1329.148193 0.000000
1313.548218 -1306.786621 0.000000
1368.696045 -1271.705811 0.000000
1414.705688 -1225.696045 0.000000
1449.786743 -1170.548584 0.000000
1472.148315 -1108.052856 0.000000
1480.000000 -1040.000000 0.000000
1480.000000 -1037.000000 0.000000
1468.189087 -1037.047974 39.370079
1468.188965 -1039.952271 39.370079
1460.650269 -1105.322266 39.370079
1439.179443 -1165.347534 39.370079
1405.493896 -1218.310547 39.370079
1361.310547 -1262.493530 39.370079
1308.348022 -1296.179565 39.370079
1248.322632 -1317.650391 39.370079
1182.952148 -1325.188965 39.370079
-154.892349 -1325.188965 39.370079
-244.892136 -1415.189087 39.370079
-645.108276 -1415.189087 39.370079
-735.107483 -1325.188965 39.370079
-1012.452209 -1325.188965 39.370079
-1066.480225 -1318.958984 39.370079
-1116.089600 -1301.214966 39.370079
-1159.861206 -1273.376099 39.370079
-1196.375854 -1236.861328 39.370079
-1224.215088 -1193.089844 39.370079
-1241.959106 -1143.480347 39.370079
-1248.188965 -1089.452148 39.370079
-1248.188965 -1087.000000 39.370079
-1260.000000 -1087.000000 39.370079
-1260.000000 -1089.500122 39.370079
-1253.456909 -1146.210693 39.370079
-1234.822144 -1198.290283 39.370079
-1205.588257 -1244.246826 39.370079
-1167.246704 -1282.588135 39.370079
-1121.290405 -1311.822388 39.370079
-1069.210693 -1330.456909 39.370079
-1012.500000 -1337.000000 39.370079
-740.000000 -1337.000000 39.370079
-650.000000 -1427.000000 39.370079
-240.000000 -1427.000000 39.370079
-150.000000 -1337.000000 39.370079
1183.000000 -1337.000000 39.370079
1251.052734 -1329.148193 39.370079
1313.548218 -1306.786621 39.370079
1368.696045 -1271.705811 39.370079
1414.705688 -1225.696045 39.370079
1449.786743 -1170.548584 39.370079
1472.148315 -1108.052856 39.370079
1480.000000 -1040.000000 39.370079
1480.000000 -1037.000000 39.370079
</float_array>
          <technique_common>
            <accessor source="#dFBXASC196FBXASC177s_duvar-POSITION-array" count="156" stride="3">
              <param name="X" type="float"/>
              <param name="Y" type="float"/>
              <param name="Z" type="float"/>
            </accessor>
          </technique_common>
        </source>
        <source id="dFBXASC196FBXASC177s_duvar-Normal0">
          <float_array id="dFBXASC196FBXASC177s_duvar-Normal0-array" count="2736">
1.000000 0.000000 0.000000
1.000000 0.000000 0.000000
1.000000 0.000000 0.000000
1.000000 0.000000 0.000000
1.000000 0.000000 0.000000
1.000000 0.000000 0.000000
0.707106 0.707108 0.000000
0.707106 0.707108 0.000000
0.707106 0.707108 0.000000
0.707106 0.707108 0.000000
0.707106 0.707108 0.000000
0.707106 0.707108 0.000000
1.000000 0.000000 0.000000
1.000000 0.000000 0.000000
1.000000 0.000000 0.000000
1.000000 0.000000 0.000000
1.000000 0.000000 0.000000
1.000000 0.000000 0.000000
0.707107 -0.707107 0.000000
0.707107 -0.707107 0.000000
0.707107 -0.707107 0.000000
0.707107 -0.707107 0.000000
0.707107 -0.707107 0.000000
0.707107 -0.707107 0.000000
1.000000 0.000000 0.000000
0.998353 -0.057363 0.000000
0.998353 -0.057363 0.000000
1.000000 0.000000 0.000000
0.998353 -0.057363 0.000000
1.000000 0.000000 0.000000
0.998353 -0.057363 0.000000
0.973864 -0.227133 0.000000
0.973864 -0.227133 0.000000
0.998353 -0.057363 0.000000
0.973864 -0.227133 0.000000
0.998353 -0.057363 0.000000
0.973864 -0.227133 0.000000
0.898277 -0.439430 0.000000
0.898277 -0.439430 0.000000
0.973864 -0.227133 0.000000
0.898277 -0.439430 0.000000
0.973864 -0.227133 0.000000
0.898277 -0.439430 0.000000
0.780126 -0.625622 0.000000
0.780126 -0.625622 0.000000
0.898277 -0.439430 0.000000
0.780126 -0.625622 0.000000
0.898277 -0.439430 0.000000
0.780126 -0.625622 0.000000
0.625624 -0.780125 0.000000
0.625624 -0.780125 0.000000
0.780126 -0.625622 0.000000
0.625624 -0.780125 0.000000
0.780126 -0.625622 0.000000
0.625624 -0.780125 0.000000
0.439434 -0.898275 0.000000
0.439434 -0.898275 0.000000
0.625624 -0.780125 0.000000
0.439434 -0.898275 0.000000
0.625624 -0.780125 0.000000
0.439434 -0.898275 0.000000
0.227128 -0.973865 0.000000
0.227129 -0.973865 0.000000
0.439434 -0.898275 0.000000
0.227129 -0.973865 0.000000
0.439434 -0.898275 0.000000
0.227128 -0.973865 0.000000
0.057363 -0.998353 0.000000
0.057363 -0.998353 0.000000
0.227128 -0.973865 0.000000
0.057363 -0.998353 0.000000
0.227129 -0.973865 0.000000
0.057363 -0.998353 0.000000
0.000000 -1.000000 0.000000
0.000000 -1.000000 0.000000
0.057363 -0.998353 0.000000
0.000000 -1.000000 0.000000
0.057363 -0.998353 0.000000
-1.000000 0.000000 0.000000
-1.000000 0.000000 0.000000
-1.000000 0.000000 0.000000
-1.000000 0.000000 0.000000
-1.000000 0.000000 0.000000
-1.000000 0.000000 0.000000
-0.000000 1.000000 0.000000
-0.000000 1.000000 0.000000
-0.000000 1.000000 0.000000
-0.000000 1.000000 0.000000
-0.000000 1.000000 0.000000
-0.000000 1.000000 0.000000
-1.000000 -0.000000 0.000000
-1.000000 -0.000000 0.000000
-1.000000 -0.000000 0.000000
-1.000000 -0.000000 0.000000
-1.000000 -0.000000 0.000000
-1.000000 -0.000000 0.000000
0.000000 -1.000000 0.000000
0.000000 -1.000000 0.000000
0.000000 -1.000000 0.000000
0.000000 -1.000000 0.000000
0.000000 -1.000000 0.000000
0.000000 -1.000000 0.000000
1.000000 0.000000 0.000000
1.000000 0.000000 0.000000
1.000000 0.000000 0.000000
1.000000 0.000000 0.000000
1.000000 0.000000 0.000000
1.000000 0.000000 0.000000
0.000000 -1.000000 0.000000
0.000000 -1.000000 0.000000
0.000000 -1.000000 0.000000
0.000000 -1.000000 0.000000
0.000000 -1.000000 0.000000
0.000000 -1.000000 0.000000
1.000000 0.000000 0.000000
1.000000 0.000000 0.000000
1.000000 0.000000 0.000000
1.000000 0.000000 0.000000
1.000000 0.000000 0.000000
1.000000 0.000000 0.000000
0.000000 1.000000 0.000000
-0.057404 0.998351 0.000000
-0.057404 0.998351 0.000000
0.000000 1.000000 0.000000
-0.057404 0.998351 0.000000
0.000000 1.000000 0.000000
-0.057404 0.998351 0.000000
-0.227242 0.973838 0.000000
-0.227242 0.973838 0.000000
-0.057404 0.998351 0.000000
-0.227242 0.973838 0.000000
-0.057404 0.998351 0.000000
-0.227242 0.973838 0.000000
-0.439540 0.898223 0.000000
-0.439540 0.898223 0.000000
-0.227242 0.973838 0.000000
-0.439540 0.898223 0.000000
-0.227242 0.973838 0.000000
-0.439540 0.898223 0.000000
-0.625661 0.780095 0.000000
-0.625661 0.780095 0.000000
-0.439540 0.898223 0.000000
-0.625661 0.780095 0.000000
-0.439540 0.898223 0.000000
-0.625661 0.780095 0.000000
-0.780095 0.625661 0.000000
-0.780095 0.625661 0.000000
-0.625661 0.780095 0.000000
-0.780095 0.625661 0.000000
-0.625661 0.780095 0.000000
-0.780095 0.625661 0.000000
-0.898222 0.439542 0.000000
-0.898222 0.439542 0.000000
-0.780095 0.625661 0.000000
-0.898222 0.439542 0.000000
-0.780095 0.625661 0.000000
-0.898222 0.439542 0.000000
-0.973839 0.227240 0.000000
-0.973839 0.227240 0.000000
-0.898222 0.439542 0.000000
-0.973839 0.227240 0.000000
-0.898222 0.439542 0.000000
-0.973839 0.227240 0.000000
-0.998351 0.057403 0.000000
-0.998351 0.057403 0.000000
-0.973839 0.227240 0.000000
-0.998351 0.057403 0.000000
-0.973839 0.227240 0.000000
-0.998351 0.057403 0.000000
-1.000000 0.000000 0.000000
-1.000000 0.000000 0.000000
-0.998351 0.057403 0.000000
-1.000000 0.000000 0.000000
-0.998351 0.057403 0.000000
-0.707107 0.707107 0.000000
-0.707107 0.707107 0.000000
-0.707107 0.707107 0.000000
-0.707107 0.707107 0.000000
-0.707107 0.707107 0.000000
-0.707107 0.707107 0.000000
-1.000000 0.000000 0.000000
-1.000000 0.000000 0.000000
-1.000000 0.000000 0.000000
-1.000000 0.000000 0.000000
-1.000000 0.000000 0.000000
-1.000000 0.000000 0.000000
-0.707107 -0.707107 0.000000
-0.707107 -0.707107 0.000000
-0.707107 -0.707107 0.000000
-0.707107 -0.707107 0.000000
-0.707107 -0.707107 0.000000
-0.707107 -0.707107 0.000000
-1.000000 0.000000 0.000000
-1.000000 0.000000 0.000000
-1.000000 0.000000 0.000000
-1.000000 0.000000 0.000000
-1.000000 0.000000 0.000000
-1.000000 0.000000 0.000000
0.000021 -1.000000 0.000000
0.000021 -1.000000 0.000000
0.000021 -1.000000 0.000000
0.000021 -1.000000 0.000000
0.000021 -1.000000 0.000000
0.000021 -1.000000 0.000000
-1.000000 0.000042 0.000000
-0.998351 0.057398 0.000000
-0.998351 0.057398 0.000000
-1.000000 0.000042 0.000000
-0.998351 0.057398 0.000000
-1.000000 0.000042 0.000000
-0.998351 0.057398 0.000000
-0.973856 0.227165 0.000000
-0.973856 0.227165 0.000000
-0.998351 0.057398 0.000000
-0.973856 0.227165 0.000000
-0.998351 0.057398 0.000000
-0.973856 0.227165 0.000000
-0.898261 0.439462 0.000000
-0.898261 0.439462 0.000000
-0.973856 0.227165 0.000000
-0.898261 0.439462 0.000000
-0.973856 0.227165 0.000000
-0.898261 0.439462 0.000000
-0.780117 0.625634 0.000000
-0.780117 0.625634 0.000000
-0.898261 0.439462 0.000000
-0.780117 0.625634 0.000000
-0.898261 0.439462 0.000000
-0.780117 0.625634 0.000000
-0.625635 0.780116 0.000000
-0.625635 0.780116 0.000000
-0.780117 0.625634 0.000000
-0.625635 0.780116 0.000000
-0.780117 0.625634 0.000000
-0.625635 0.780116 0.000000
-0.439467 0.898259 0.000000
-0.439467 0.898259 0.000000
-0.625635 0.780116 0.000000
-0.439467 0.898259 0.000000
-0.625635 0.780116 0.000000
-0.439467 0.898259 0.000000
-0.227163 0.973857 0.000000
-0.227163 0.973857 0.000000
-0.439467 0.898259 0.000000
-0.227163 0.973857 0.000000
-0.439467 0.898259 0.000000
-0.227163 0.973857 0.000000
-0.057375 0.998353 0.000000
-0.057375 0.998353 0.000000
-0.227163 0.973857 0.000000
-0.057375 0.998353 0.000000
-0.227163 0.973857 0.000000
-0.057375 0.998353 0.000000
0.000000 1.000000 0.000000
0.000000 1.000000 0.000000
-0.057375 0.998353 0.000000
0.000000 1.000000 0.000000
-0.057375 0.998353 0.000000
-0.707108 0.707105 0.000000
-0.707108 0.707105 0.000000
-0.707108 0.707105 0.000000
-0.707108 0.707105 0.000000
-0.707108 0.707105 0.000000
-0.707108 0.707105 0.000000
0.000000 1.000000 0.000000
0.000000 1.000000 0.000000
0.000000 1.000000 0.000000
0.000000 1.000000 0.000000
0.000000 1.000000 0.000000
0.000000 1.000000 0.000000
0.707110 0.707103 0.000000
0.707110 0.707103 0.000000
0.707110 0.707103 0.000000
0.707110 0.707103 0.000000
0.707110 0.707103 0.000000
0.707110 0.707103 0.000000
0.000000 1.000000 0.000000
0.057370 0.998353 0.000000
0.057370 0.998353 0.000000
0.000000 1.000000 0.000000
0.057370 0.998353 0.000000
0.000000 1.000000 0.000000
0.057370 0.998353 0.000000
0.227149 0.973860 0.000000
0.227149 0.973860 0.000000
0.057370 0.998353 0.000000
0.227149 0.973860 0.000000
0.057370 0.998353 0.000000
0.227149 0.973860 0.000000
0.439448 0.898268 0.000000
0.439448 0.898268 0.000000
0.227149 0.973860 0.000000
0.439448 0.898268 0.000000
0.227149 0.973860 0.000000
0.439448 0.898268 0.000000
0.625628 0.780122 0.000000
0.625628 0.780122 0.000000
0.439448 0.898268 0.000000
0.625628 0.780122 0.000000
0.439448 0.898268 0.000000
0.625628 0.780122 0.000000
0.780120 0.625629 0.000000
0.780120 0.625629 0.000000
0.625628 0.780122 0.000000
0.780120 0.625629 0.000000
0.625628 0.780122 0.000000
0.780120 0.625629 0.000000
0.898267 0.439451 0.000000
0.898267 0.439451 0.000000
0.780120 0.625629 0.000000
0.898267 0.439451 0.000000
0.780120 0.625629 0.000000
0.898267 0.439451 0.000000
0.973860 0.227148 0.000000
0.973860 0.227148 0.000000
0.898267 0.439451 0.000000
0.973860 0.227148 0.000000
0.898267 0.439451 0.000000
0.973860 0.227148 0.000000
0.998353 0.057369 0.000000
0.998353 0.057369 0.000000
0.973860 0.227148 0.000000
0.998353 0.057369 0.000000
0.973860 0.227148 0.000000
0.998353 0.057369 0.000000
1.000000 0.000000 0.000000
1.000000 0.000000 0.000000
0.998353 0.057369 0.000000
1.000000 0.000000 0.000000
0.998353 0.057369 0.000000
0.000000 1.000000 0.000000
0.000000 1.000000 0.000000
0.000000 1.000000 0.000000
0.000000 1.000000 0.000000
0.000000 1.000000 0.000000
0.000000 1.000000 0.000000
-1.000000 0.000000 0.000000
-0.998351 -0.057403 0.000000
-0.998351 -0.057403 0.000000
-1.000000 0.000000 0.000000
-0.998351 -0.057403 0.000000
-1.000000 0.000000 0.000000
-0.998351 -0.057403 0.000000
-0.973839 -0.227241 0.000000
-0.973839 -0.227241 0.000000
-0.998351 -0.057403 0.000000
-0.973839 -0.227241 0.000000
-0.998351 -0.057403 0.000000
-0.973839 -0.227241 0.000000
-0.898223 -0.439541 0.000000
-0.898223 -0.439541 0.000000
-0.973839 -0.227241 0.000000
-0.898223 -0.439541 0.000000
-0.973839 -0.227241 0.000000
-0.898223 -0.439541 0.000000
-0.780095 -0.625661 0.000000
-0.780095 -0.625661 0.000000
-0.898223 -0.439541 0.000000
-0.780095 -0.625661 0.000000
-0.898223 -0.439541 0.000000
-0.780095 -0.625661 0.000000
-0.625662 -0.780095 0.000000
-0.625662 -0.780095 0.000000
-0.780095 -0.625661 0.000000
-0.625662 -0.780095 0.000000
-0.780095 -0.625661 0.000000
-0.625662 -0.780095 0.000000
-0.439542 -0.898222 0.000000
-0.439542 -0.898222 0.000000
-0.625662 -0.780095 0.000000
-0.439542 -0.898222 0.000000
-0.625662 -0.780095 0.000000
-0.439542 -0.898222 0.000000
-0.227239 -0.973839 0.000000
-0.227239 -0.973839 0.000000
-0.439542 -0.898222 0.000000
-0.227239 -0.973839 0.000000
-0.439542 -0.898222 0.000000
-0.227239 -0.973839 0.000000
-0.057403 -0.998351 0.000000
-0.057403 -0.998351 0.000000
-0.227239 -0.973839 0.000000
-0.057403 -0.998351 0.000000
-0.227239 -0.973839 0.000000
-0.057403 -0.998351 0.000000
0.000000 -1.000000 0.000000
0.000000 -1.000000 0.000000
-0.057403 -0.998351 0.000000
0.000000 -1.000000 0.000000
-0.057403 -0.998351 0.000000
-0.707107 -0.707107 0.000000
-0.707107 -0.707107 0.000000
-0.707107 -0.707107 0.000000
-0.707107 -0.707107 0.000000
-0.707107 -0.707107 0.000000
-0.707107 -0.707107 0.000000
0.000000 -1.000000 0.000000
0.000000 -1.000000 0.000000
0.000000 -1.000000 0.000000
0.000000 -1.000000 0.000000
0.000000 -1.000000 0.000000
0.000000 -1.000000 0.000000
0.707107 -0.707107 0.000000
0.707107 -0.707107 0.000000
0.707107 -0.707107 0.000000
0.707107 -0.707107 0.000000
0.707107 -0.707107 0.000000
0.707107 -0.707107 0.000000
0.000000 -1.000000 0.000000
0.057404 -0.998351 0.000000
0.057404 -0.998351 0.000000
0.000000 -1.000000 0.000000
0.057404 -0.998351 0.000000
0.000000 -1.000000 0.000000
0.057404 -0.998351 0.000000
0.227241 -0.973839 0.000000
0.227241 -0.973839 0.000000
0.057404 -0.998351 0.000000
0.227241 -0.973839 0.000000
0.057404 -0.998351 0.000000
0.227241 -0.973839 0.000000
0.439541 -0.898223 0.000000
0.439541 -0.898223 0.000000
0.227241 -0.973839 0.000000
0.439541 -0.898223 0.000000
0.227241 -0.973839 0.000000
0.439541 -0.898223 0.000000
0.625661 -0.780095 0.000000
0.625661 -0.780095 0.000000
0.439541 -0.898223 0.000000
0.625661 -0.780095 0.000000
0.439541 -0.898223 0.000000
0.625661 -0.780095 0.000000
0.780094 -0.625663 0.000000
0.780094 -0.625663 0.000000
0.625661 -0.780095 0.000000
0.780094 -0.625663 0.000000
0.625661 -0.780095 0.000000
0.780094 -0.625663 0.000000
0.898222 -0.439543 0.000000
0.898222 -0.439543 0.000000
0.780094 -0.625663 0.000000
0.898222 -0.439543 0.000000
0.780094 -0.625663 0.000000
0.898222 -0.439543 0.000000
0.973839 -0.227239 0.000000
0.973839 -0.227239 0.000000
0.898222 -0.439543 0.000000
0.973839 -0.227239 0.000000
0.898222 -0.439543 0.000000
0.973839 -0.227239 0.000000
0.998351 -0.057403 0.000000
0.998351 -0.057403 0.000000
0.973839 -0.227239 0.000000
0.998351 -0.057403 0.000000
0.973839 -0.227239 0.000000
0.998351 -0.057403 0.000000
1.000000 0.000000 0.000000
1.000000 0.000000 0.000000
0.998351 -0.057403 0.000000
1.000000 0.000000 0.000000
0.998351 -0.057403 0.000000
-0.004062 0.999992 0.000000
-0.004062 0.999992 0.000000
-0.004062 0.999992 0.000000
-0.004062 0.999992 0.000000
-0.004062 0.999992 0.000000
-0.004062 0.999992 0.000000
0.000000 0.000000 -1.000000
0.000000 0.000000 -1.000000
0.000000 0.000000 -1.000000
0.000000 0.000000 -1.000000
0.000000 0.000000 -1.000000
0.000000 0.000000 -1.000000
0.000000 0.000000 -1.000000
0.000000 0.000000 -1.000000
0.000000 0.000000 -1.000000
0.000000 0.000000 -1.000000
0.000000 0.000000 -1.000000
0.000000 0.000000 -1.000000
0.000000 0.000000 -1.000000
0.000000 0.000000 -1.000000
0.000000 0.000000 -1.000000
0.000000 0.000000 -1.000000
0.000000 0.000000 -1.000000
0.000000 0.000000 -1.000000
0.000000 0.000000 -1.000000
0.000000 0.000000 -1.000000
0.000000 0.000000 -1.000000
0.000000 0.000000 -1.000000
0.000000 0.000000 -1.000000
0.000000 0.000000 -1.000000
0.000000 0.000000 -1.000000
0.000000 0.000000 -1.000000
0.000000 0.000000 -1.000000
0.000000 0.000000 -1.000000
0.000000 0.000000 -1.000000
0.000000 0.000000 -1.000000
0.000000 0.000000 -1.000000
0.000000 0.000000 -1.000000
0.000000 0.000000 -1.000000
0.000000 0.000000 -1.000000
0.000000 0.000000 -1.000000
0.000000 0.000000 -1.000000
0.000000 0.000000 -1.000000
0.000000 0.000000 -1.000000
0.000000 0.000000 -1.000000
0.000000 0.000000 -1.000000
0.000000 0.000000 -1.000000
0.000000 0.000000 -1.000000
0.000000 0.000000 -1.000000
0.000000 0.000000 -1.000000
0.000000 0.000000 -1.000000
0.000000 0.000000 -1.000000
0.000000 0.000000 -1.000000
0.000000 0.000000 -1.000000
0.000000 0.000000 -1.000000
0.000000 0.000000 -1.000000
0.000000 0.000000 -1.000000
0.000000 0.000000 -1.000000
0.000000 0.000000 -1.000000
0.000000 0.000000 -1.000000
0.000000 0.000000 -1.000000
0.000000 0.000000 -1.000000
0.000000 0.000000 -1.000000
0.000000 0.000000 -1.000000
0.000000 0.000000 -1.000000
0.000000 0.000000 -1.000000
0.000000 0.000000 -1.000000
0.000000 0.000000 -1.000000
0.000000 0.000000 -1.000000
0.000000 0.000000 -1.000000
0.000000 0.000000 -1.000000
0.000000 0.000000 -1.000000
0.000000 0.000000 -1.000000
0.000000 0.000000 -1.000000
0.000000 0.000000 -1.000000
0.000000 0.000000 -1.000000
0.000000 0.000000 -1.000000
0.000000 0.000000 -1.000000
0.000000 0.000000 -1.000000
0.000000 0.000000 -1.000000
0.000000 0.000000 -1.000000
0.000000 0.000000 -1.000000
0.000000 0.000000 -1.000000
0.000000 0.000000 -1.000000
0.000000 0.000000 -1.000000
0.000000 0.000000 -1.000000
0.000000 0.000000 -1.000000
0.000000 0.000000 -1.000000
0.000000 0.000000 -1.000000
0.000000 0.000000 -1.000000
0.000000 0.000000 -1.000000
0.000000 0.000000 -1.000000
0.000000 0.000000 -1.000000
0.000000 0.000000 -1.000000
0.000000 0.000000 -1.000000
0.000000 0.000000 -1.000000
0.000000 0.000000 -1.000000
0.000000 0.000000 -1.000000
0.000000 0.000000 -1.000000
0.000000 0.000000 -1.000000
0.000000 0.000000 -1.000000
0.000000 0.000000 -1.000000
0.000000 0.000000 -1.000000
0.000000 0.000000 -1.000000
0.000000 0.000000 -1.000000
0.000000 0.000000 -1.000000
0.000000 0.000000 -1.000000
0.000000 0.000000 -1.000000
0.000000 0.000000 -1.000000
0.000000 0.000000 -1.000000
0.000000 0.000000 -1.000000
0.000000 0.000000 -1.000000
0.000000 0.000000 -1.000000
0.000000 0.000000 -1.000000
0.000000 0.000000 -1.000000
0.000000 0.000000 -1.000000
0.000000 0.000000 -1.000000
0.000000 0.000000 -1.000000
0.000000 0.000000 -1.000000
0.000000 0.000000 -1.000000
0.000000 0.000000 -1.000000
0.000000 0.000000 -1.000000
0.000000 0.000000 -1.000000
0.000000 0.000000 -1.000000
0.000000 0.000000 -1.000000
0.000000 0.000000 -1.000000
0.000000 0.000000 -1.000000
0.000000 0.000000 -1.000000
0.000000 0.000000 -1.000000
0.000000 0.000000 -1.000000
0.000000 0.000000 -1.000000
0.000000 0.000000 -1.000000
0.000000 0.000000 -1.000000
0.000000 0.000000 -1.000000
0.000000 0.000000 -1.000000
0.000000 0.000000 -1.000000
0.000000 0.000000 -1.000000
0.000000 0.000000 -1.000000
0.000000 0.000000 -1.000000
0.000000 0.000000 -1.000000
0.000000 0.000000 -1.000000
0.000000 0.000000 -1.000000
0.000000 0.000000 -1.000000
0.000000 0.000000 -1.000000
0.000000 0.000000 -1.000000
0.000000 0.000000 -1.000000
0.000000 0.000000 -1.000000
0.000000 0.000000 -1.000000
0.000000 0.000000 -1.000000
0.000000 0.000000 -1.000000
0.000000 0.000000 -1.000000
0.000000 0.000000 -1.000000
0.000000 0.000000 -1.000000
0.000000 0.000000 -1.000000
0.000000 0.000000 -1.000000
0.000000 0.000000 -1.000000
0.000000 0.000000 -1.000000
0.000000 0.000000 -1.000000
0.000000 0.000000 -1.000000
0.000000 0.000000 -1.000000
0.000000 0.000000 -1.000000
0.000000 0.000000 -1.000000
0.000000 0.000000 -1.000000
0.000000 0.000000 -1.000000
0.000000 0.000000 -1.000000
0.000000 0.000000 -1.000000
0.000000 0.000000 -1.000000
0.000000 0.000000 -1.000000
0.000000 0.000000 -1.000000
0.000000 0.000000 -1.000000
0.000000 0.000000 -1.000000
0.000000 0.000000 -1.000000
0.000000 0.000000 -1.000000
0.000000 0.000000 -1.000000
0.000000 0.000000 -1.000000
0.000000 0.000000 -1.000000
0.000000 0.000000 -1.000000
0.000000 0.000000 -1.000000
0.000000 0.000000 -1.000000
0.000000 0.000000 -1.000000
0.000000 0.000000 -1.000000
0.000000 0.000000 -1.000000
0.000000 0.000000 -1.000000
0.000000 0.000000 -1.000000
0.000000 0.000000 -1.000000
0.000000 0.000000 -1.000000
0.000000 0.000000 -1.000000
0.000000 0.000000 -1.000000
0.000000 0.000000 -1.000000
0.000000 0.000000 -1.000000
0.000000 0.000000 -1.000000
0.000000 0.000000 -1.000000
0.000000 0.000000 -1.000000
0.000000 0.000000 -1.000000
0.000000 0.000000 -1.000000
0.000000 0.000000 -1.000000
0.000000 0.000000 -1.000000
0.000000 0.000000 -1.000000
0.000000 0.000000 -1.000000
0.000000 0.000000 -1.000000
0.000000 0.000000 -1.000000
0.000000 0.000000 -1.000000
0.000000 0.000000 -1.000000
0.000000 0.000000 -1.000000
0.000000 0.000000 -1.000000
0.000000 0.000000 -1.000000
0.000000 0.000000 -1.000000
0.000000 0.000000 -1.000000
0.000000 0.000000 -1.000000
0.000000 0.000000 -1.000000
0.000000 0.000000 -1.000000
0.000000 0.000000 -1.000000
0.000000 0.000000 -1.000000
0.000000 0.000000 -1.000000
0.000000 0.000000 -1.000000
0.000000 0.000000 -1.000000
0.000000 0.000000 -1.000000
0.000000 0.000000 -1.000000
0.000000 0.000000 -1.000000
0.000000 0.000000 -1.000000
0.000000 0.000000 -1.000000
0.000000 0.000000 -1.000000
0.000000 0.000000 -1.000000
0.000000 0.000000 -1.000000
0.000000 0.000000 -1.000000
0.000000 0.000000 -1.000000
0.000000 0.000000 -1.000000
0.000000 0.000000 -1.000000
0.000000 0.000000 1.000000
0.000000 0.000000 1.000000
0.000000 0.000000 1.000000
0.000000 0.000000 1.000000
0.000000 0.000000 1.000000
0.000000 0.000000 1.000000
0.000000 0.000000 1.000000
0.000000 0.000000 1.000000
0.000000 0.000000 1.000000
0.000000 0.000000 1.000000
0.000000 0.000000 1.000000
0.000000 0.000000 1.000000
0.000000 0.000000 1.000000
0.000000 0.000000 1.000000
0.000000 0.000000 1.000000
0.000000 0.000000 1.000000
0.000000 0.000000 1.000000
0.000000 0.000000 1.000000
0.000000 0.000000 1.000000
0.000000 0.000000 1.000000
0.000000 0.000000 1.000000
0.000000 0.000000 1.000000
0.000000 0.000000 1.000000
0.000000 0.000000 1.000000
0.000000 0.000000 1.000000
0.000000 0.000000 1.000000
0.000000 0.000000 1.000000
0.000000 0.000000 1.000000
0.000000 0.000000 1.000000
0.000000 0.000000 1.000000
0.000000 0.000000 1.000000
0.000000 0.000000 1.000000
0.000000 0.000000 1.000000
0.000000 0.000000 1.000000
0.000000 0.000000 1.000000
0.000000 0.000000 1.000000
0.000000 0.000000 1.000000
0.000000 0.000000 1.000000
0.000000 0.000000 1.000000
0.000000 0.000000 1.000000
0.000000 0.000000 1.000000
0.000000 0.000000 1.000000
0.000000 0.000000 1.000000
0.000000 0.000000 1.000000
0.000000 0.000000 1.000000
0.000000 0.000000 1.000000
0.000000 0.000000 1.000000
0.000000 0.000000 1.000000
0.000000 0.000000 1.000000
0.000000 0.000000 1.000000
0.000000 0.000000 1.000000
0.000000 0.000000 1.000000
0.000000 0.000000 1.000000
0.000000 0.000000 1.000000
0.000000 0.000000 1.000000
0.000000 0.000000 1.000000
0.000000 0.000000 1.000000
0.000000 0.000000 1.000000
0.000000 0.000000 1.000000
0.000000 0.000000 1.000000
0.000000 0.000000 1.000000
0.000000 0.000000 1.000000
0.000000 0.000000 1.000000
0.000000 0.000000 1.000000
0.000000 0.000000 1.000000
0.000000 0.000000 1.000000
0.000000 0.000000 1.000000
0.000000 0.000000 1.000000
0.000000 0.000000 1.000000
0.000000 0.000000 1.000000
0.000000 0.000000 1.000000
0.000000 0.000000 1.000000
0.000000 0.000000 1.000000
0.000000 0.000000 1.000000
0.000000 0.000000 1.000000
0.000000 0.000000 1.000000
0.000000 0.000000 1.000000
0.000000 0.000000 1.000000
0.000000 0.000000 1.000000
0.000000 0.000000 1.000000
0.000000 0.000000 1.000000
0.000000 0.000000 1.000000
0.000000 0.000000 1.000000
0.000000 0.000000 1.000000
0.000000 0.000000 1.000000
0.000000 0.000000 1.000000
0.000000 0.000000 1.000000
0.000000 0.000000 1.000000
0.000000 0.000000 1.000000
0.000000 0.000000 1.000000
0.000000 0.000000 1.000000
0.000000 0.000000 1.000000
0.000000 0.000000 1.000000
0.000000 0.000000 1.000000
0.000000 0.000000 1.000000
0.000000 0.000000 1.000000
0.000000 0.000000 1.000000
0.000000 0.000000 1.000000
0.000000 0.000000 1.000000
0.000000 0.000000 1.000000
0.000000 0.000000 1.000000
0.000000 0.000000 1.000000
0.000000 0.000000 1.000000
0.000000 0.000000 1.000000
0.000000 0.000000 1.000000
0.000000 0.000000 1.000000
0.000000 0.000000 1.000000
0.000000 0.000000 1.000000
0.000000 0.000000 1.000000
0.000000 0.000000 1.000000
0.000000 0.000000 1.000000
0.000000 0.000000 1.000000
0.000000 0.000000 1.000000
0.000000 0.000000 1.000000
0.000000 0.000000 1.000000
0.000000 0.000000 1.000000
0.000000 0.000000 1.000000
0.000000 0.000000 1.000000
0.000000 0.000000 1.000000
0.000000 0.000000 1.000000
0.000000 0.000000 1.000000
0.000000 0.000000 1.000000
0.000000 0.000000 1.000000
0.000000 0.000000 1.000000
0.000000 0.000000 1.000000
0.000000 0.000000 1.000000
0.000000 0.000000 1.000000
0.000000 0.000000 1.000000
0.000000 0.000000 1.000000
0.000000 0.000000 1.000000
0.000000 0.000000 1.000000
0.000000 0.000000 1.000000
0.000000 0.000000 1.000000
0.000000 0.000000 1.000000
0.000000 0.000000 1.000000
0.000000 0.000000 1.000000
0.000000 0.000000 1.000000
0.000000 0.000000 1.000000
0.000000 0.000000 1.000000
0.000000 0.000000 1.000000
0.000000 0.000000 1.000000
0.000000 0.000000 1.000000
0.000000 0.000000 1.000000
0.000000 0.000000 1.000000
0.000000 0.000000 1.000000
0.000000 0.000000 1.000000
0.000000 0.000000 1.000000
0.000000 0.000000 1.000000
0.000000 0.000000 1.000000
0.000000 0.000000 1.000000
0.000000 0.000000 1.000000
0.000000 0.000000 1.000000
0.000000 0.000000 1.000000
0.000000 0.000000 1.000000
0.000000 0.000000 1.000000
0.000000 0.000000 1.000000
0.000000 0.000000 1.000000
0.000000 0.000000 1.000000
0.000000 0.000000 1.000000
0.000000 0.000000 1.000000
0.000000 0.000000 1.000000
0.000000 0.000000 1.000000
0.000000 0.000000 1.000000
0.000000 0.000000 1.000000
0.000000 0.000000 1.000000
0.000000 0.000000 1.000000
0.000000 0.000000 1.000000
0.000000 0.000000 1.000000
0.000000 0.000000 1.000000
0.000000 0.000000 1.000000
0.000000 0.000000 1.000000
0.000000 0.000000 1.000000
0.000000 0.000000 1.000000
0.000000 0.000000 1.000000
0.000000 0.000000 1.000000
0.000000 0.000000 1.000000
0.000000 0.000000 1.000000
0.000000 0.000000 1.000000
0.000000 0.000000 1.000000
0.000000 0.000000 1.000000
0.000000 0.000000 1.000000
0.000000 0.000000 1.000000
0.000000 0.000000 1.000000
0.000000 0.000000 1.000000
0.000000 0.000000 1.000000
0.000000 0.000000 1.000000
0.000000 0.000000 1.000000
0.000000 0.000000 1.000000
0.000000 0.000000 1.000000
0.000000 0.000000 1.000000
0.000000 0.000000 1.000000
0.000000 0.000000 1.000000
0.000000 0.000000 1.000000
0.000000 0.000000 1.000000
0.000000 0.000000 1.000000
0.000000 0.000000 1.000000
0.000000 0.000000 1.000000
0.000000 0.000000 1.000000
0.000000 0.000000 1.000000
0.000000 0.000000 1.000000
0.000000 0.000000 1.000000
0.000000 0.000000 1.000000
0.000000 0.000000 1.000000
0.000000 0.000000 1.000000
0.000000 0.000000 1.000000
0.000000 0.000000 1.000000
0.000000 0.000000 1.000000
0.000000 0.000000 1.000000
0.000000 0.000000 1.000000
0.000000 0.000000 1.000000
0.000000 0.000000 1.000000
0.000000 0.000000 1.000000
0.000000 0.000000 1.000000
0.000000 0.000000 1.000000
0.000000 0.000000 1.000000
0.000000 0.000000 1.000000
0.000000 0.000000 1.000000
0.000000 0.000000 1.000000
0.000000 0.000000 1.000000
0.000000 0.000000 1.000000
0.000000 0.000000 1.000000
0.000000 0.000000 1.000000
</float_array>
          <technique_common>
            <accessor source="#dFBXASC196FBXASC177s_duvar-Normal0-array" count="912" stride="3">
              <param name="X" type="float"/>
              <param name="Y" type="float"/>
              <param name="Z" type="float"/>
            </accessor>
          </technique_common>
        </source>
        <vertices id="dFBXASC196FBXASC177s_duvar-VERTEX">
          <input semantic="POSITION" source="#dFBXASC196FBXASC177s_duvar-POSITION"/>
        </vertices>
        <triangles count="304">
          <input semantic="VERTEX" offset="0" source="#dFBXASC196FBXASC177s_duvar-VERTEX"/>
          <input semantic="NORMAL" offset="1" source="#dFBXASC196FBXASC177s_duvar-Normal0"/>
          <p> 0 0 1 1 35 2 0 3 35 4 34 5 1 6 2 7 36 8 1 9 36 10 35 11 2 12 3 13 37 14 2 15 37 16 36 17 3 18 4 19 38 20 3 21 38 22 37 23 4 24 5 25 39 26 4 27 39 28 38 29 5 30 6 31 40 32 5 33 40 34 39 35 6 36 7 37 41 38 6 39 41 40 40 41 7 42 8 43 42 44 7 45 42 46 41 47 8 48 9 49 43 50 8 51 43 52 42 53 9 54 10 55 44 56 9 57 44 58 43 59 10 60 11 61 45 62 10 63 45 64 44 65 11 66 12 67 46 68 11 69 46 70 45 71 12 72 13 73 47 74 12 75 47 76 46 77 13 78 14 79 48 80 13 81 48 82 47 83 14 84 15 85 49 86 14 87 49 88 48 89 15 90 16 91 50 92 15 93 50 94 49 95 16 96 17 97 51 98 16 99 51 100 50 101 17 102 18 103 52 104 17 105 52 106 51 107 18 108 19 109 53 110 18 111 53 112 52 113 19 114 20 115 54 116 19 117 54 118 53 119 20 120 21 121 55 122 20 123 55 124 54 125 21 126 22 127 56 128 21 129 56 130 55 131 22 132 23 133 57 134 22 135 57 136 56 137 23 138 24 139 58 140 23 141 58 142 57 143 24 144 25 145 59 146 24 147 59 148 58 149 25 150 26 151 60 152 25 153 60 154 59 155 26 156 27 157 61 158 26 159 61 160 60 161 27 162 28 163 62 164 27 165 62 166 61 167 28 168 29 169 63 170 28 171 63 172 62 173 29 174 30 175 64 176 29 177 64 178 63 179 30 180 31 181 65 182 30 183 65 184 64 185 31 186 32 187 66 188 31 189 66 190 65 191 32 192 33 193 67 194 32 195 67 196 66 197 33 198 0 199 34 200 33 201 34 202 67 203 68 204 69 205 113 206 68 207 113 208 112 209 69 210 70 211 114 212 69 213 114 214 113 215 70 216 71 217 115 218 70 219 115 220 114 221 71 222 72 223 116 224 71 225 116 226 115 227 72 228 73 229 117 230 72 231 117 232 116 233 73 234 74 235 118 236 73 237 118 238 117 239 74 240 75 241 119 242 74 243 119 244 118 245 75 246 76 247 120 248 75 249 120 250 119 251 76 252 77 253 121 254 76 255 121 256 120 257 77 258 78 259 122 260 77 261 122 262 121 263 78 264 79 265 123 266 78 267 123 268 122 269 79 270 80 271 124 272 79 273 124 274 123 275 80 276 81 277 125 278 80 279 125 280 124 281 81 282 82 283 126 284 81 285 126 286 125 287 82 288 83 289 127 290 82 291 127 292 126 293 83 294 84 295 128 296 83 297 128 298 127 299 84 300 85 301 129 302 84 303 129 304 128 305 85 306 86 307 130 308 85 309 130 310 129 311 86 312 87 313 131 314 86 315 131 316 130 317 87 318 88 319 132 320 87 321 132 322 131 323 88 324 89 325 133 326 88 327 133 328 132 329 89 330 90 331 134 332 89 333 134 334 133 335 90 336 91 337 135 338 90 339 135 340 134 341 91 342 92 343 136 344 91 345 136 346 135 347 92 348 93 349 137 350 92 351 137 352 136 353 93 354 94 355 138 356 93 357 138 358 137 359 94 360 95 361 139 362 94 363 139 364 138 365 95 366 96 367 140 368 95 369 140 370 139 371 96 372 97 373 141 374 96 375 141 376 140 377 97 378 98 379 142 380 97 381 142 382 141 383 98 384 99 385 143 386 98 387 143 388 142 389 99 390 100 391 144 392 99 393 144 394 143 395 100 396 101 397 145 398 100 399 145 400 144 401 101 402 102 403 146 404 101 405 146 406 145 407 102 408 103 409 147 410 102 411 147 412 146 413 103 414 104 415 148 416 103 417 148 418 147 419 104 420 105 421 149 422 104 423 149 424 148 425 105 426 106 427 150 428 105 429 150 430 149 431 106 432 107 433 151 434 106 435 151 436 150 437 107 438 108 439 152 440 107 441 152 442 151 443 108 444 109 445 153 446 108 447 153 448 152 449 109 450 110 451 154 452 109 453 154 454 153 455 110 456 111 457 155 458 110 459 155 460 154 461 111 462 68 463 112 464 111 465 112 466 155 467 32 468 0 469 33 470 32 471 1 472 0 473 32 474 2 475 1 476 31 477 2 478 32 479 30 480 2 481 31 482 30 483 3 484 2 485 29 486 3 487 30 488 29 489 4 490 3 491 29 492 5 493 4 494 28 495 5 496 29 497 27 498 5 499 28 500 27 501 6 502 5 503 26 504 6 505 27 506 26 507 7 508 6 509 25 510 7 511 26 512 25 513 8 514 7 515 24 516 8 517 25 518 24 519 9 520 8 521 23 522 9 523 24 524 23 525 10 526 9 527 22 528 10 529 23 530 22 531 11 532 10 533 21 534 11 535 22 536 21 537 12 538 11 539 20 540 12 541 21 542 20 543 13 544 12 545 19 546 13 547 20 548 19 549 14 550 13 551 18 552 14 553 19 554 18 555 15 556 14 557 18 558 16 559 15 560 17 561 16 562 18 563 110 564 68 565 111 566 110 567 69 568 68 569 109 570 69 571 110 572 109 573 70 574 69 575 108 576 70 577 109 578 108 579 71 580 70 581 107 582 71 583 108 584 107 585 72 586 71 587 106 588 72 589 107 590 106 591 73 592 72 593 105 594 73 595 106 596 105 597 74 598 73 599 104 600 74 601 105 602 104 603 75 604 74 605 103 606 75 607 104 608 103 609 76 610 75 611 102 612 76 613 103 614 102 615 77 616 76 617 102 618 78 619 77 620 101 621 78 622 102 623 100 624 78 625 101 626 100 627 79 628 78 629 99 630 79 631 100 632 99 633 80 634 79 635 99 636 81 637 80 638 98 639 81 640 99 641 97 642 81 643 98 644 97 645 82 646 81 647 96 648 82 649 97 650 96 651 83 652 82 653 95 654 83 655 96 656 95 657 84 658 83 659 94 660 84 661 95 662 94 663 85 664 84 665 93 666 85 667 94 668 93 669 86 670 85 671 92 672 86 673 93 674 92 675 87 676 86 677 91 678 87 679 92 680 91 681 88 682 87 683 90 684 88 685 91 686 89 687 88 688 90 689 66 690 67 691 34 692 66 693 34 694 35 695 66 696 35 697 36 698 65 699 66 700 36 701 64 702 65 703 36 704 64 705 36 706 37 707 63 708 64 709 37 710 63 711 37 712 38 713 63 714 38 715 39 716 62 717 63 718 39 719 61 720 62 721 39 722 61 723 39 724 40 725 60 726 61 727 40 728 60 729 40 730 41 731 59 732 60 733 41 734 59 735 41 736 42 737 58 738 59 739 42 740 58 741 42 742 43 743 57 744 58 745 43 746 57 747 43 748 44 749 56 750 57 751 44 752 56 753 44 754 45 755 55 756 56 757 45 758 55 759 45 760 46 761 54 762 55 763 46 764 54 765 46 766 47 767 53 768 54 769 47 770 53 771 47 772 48 773 52 774 53 775 48 776 52 777 48 778 49 779 52 780 49 781 50 782 51 783 52 784 50 785 154 786 155 787 112 788 154 789 112 790 113 791 153 792 154 793 113 794 153 795 113 796 114 797 152 798 153 799 114 800 152 801 114 802 115 803 151 804 152 805 115 806 151 807 115 808 116 809 150 810 151 811 116 812 150 813 116 814 117 815 149 816 150 817 117 818 149 819 117 820 118 821 148 822 149 823 118 824 148 825 118 826 119 827 147 828 148 829 119 830 147 831 119 832 120 833 146 834 147 835 120 836 146 837 120 838 121 839 146 840 121 841 122 842 145 843 146 844 122 845 144 846 145 847 122 848 144 849 122 850 123 851 143 852 144 853 123 854 143 855 123 856 124 857 143 858 124 859 125 860 142 861 143 862 125 863 141 864 142 865 125 866 141 867 125 868 126 869 140 870 141 871 126 872 140 873 126 874 127 875 139 876 140 877 127 878 139 879 127 880 128 881 138 882 139 883 128 884 138 885 128 886 129 887 137 888 138 889 129 890 137 891 129 892 130 893 136 894 137 895 130 896 136 897 130 898 131 899 135 900 136 901 131 902 135 903 131 904 132 905 134 906 135 907 132 908 133 909 134 910 132 911</p>
        </triangles>
      </mesh>
    </geometry>
    <geometry id="ic_duvar001-lib" name="ic_duvar001Mesh">
      <mesh>
        <source id="ic_duvar001-POSITION">
          <float_array id="ic_duvar001-POSITION-array" count="48">
153.937012 -212.874023 0.000000
153.937012 205.000000 0.000000
-150.000000 205.000000 0.000000
-150.000000 -212.874023 0.000000
153.937012 -212.874023 39.370079
153.937012 205.000000 39.370079
-150.000000 205.000000 39.370079
-150.000000 -212.874023 39.370079
-138.188980 -201.063065 0.000000
-138.188980 193.188858 0.000000
142.125992 193.189041 0.000000
142.126038 -201.063004 0.000000
-138.188980 -201.063065 39.370079
-138.188980 193.188858 39.370079
142.125992 193.189041 39.370079
142.126038 -201.063004 39.370079
</float_array>
          <technique_common>
            <accessor source="#ic_duvar001-POSITION-array" count="16" stride="3">
              <param name="X" type="float"/>
              <param name="Y" type="float"/>
              <param name="Z" type="float"/>
            </accessor>
          </technique_common>
        </source>
        <source id="ic_duvar001-Normal0">
          <float_array id="ic_duvar001-Normal0-array" count="288">
1.000000 0.000000 0.000000
1.000000 0.000000 0.000000
1.000000 0.000000 0.000000
1.000000 0.000000 0.000000
1.000000 0.000000 0.000000
1.000000 0.000000 0.000000
0.000000 1.000000 0.000000
0.000000 1.000000 0.000000
0.000000 1.000000 0.000000
0.000000 1.000000 0.000000
0.000000 1.000000 0.000000
0.000000 1.000000 0.000000
-1.000000 0.000000 0.000000
-1.000000 0.000000 0.000000
-1.000000 0.000000 0.000000
-1.000000 0.000000 0.000000
-1.000000 0.000000 0.000000
-1.000000 0.000000 0.000000
0.000000 -1.000000 0.000000
0.000000 -1.000000 0.000000
0.000000 -1.000000 0.000000
0.000000 -1.000000 0.000000
0.000000 -1.000000 0.000000
0.000000 -1.000000 0.000000
1.000000 0.000000 0.000000
1.000000 0.000000 0.000000
1.000000 0.000000 0.000000
1.000000 0.000000 0.000000
1.000000 0.000000 0.000000
1.000000 0.000000 0.000000
0.000001 -1.000000 0.000000
0.000001 -1.000000 0.000000
0.000001 -1.000000 0.000000
0.000001 -1.000000 0.000000
0.000001 -1.000000 0.000000
0.000001 -1.000000 0.000000
-1.000000 -0.000000 0.000000
-1.000000 -0.000000 0.000000
-1.000000 -0.000000 0.000000
-1.000000 -0.000000 0.000000
-1.000000 -0.000000 0.000000
-1.000000 -0.000000 0.000000
-0.000000 1.000000 0.000000
-0.000000 1.000000 0.000000
-0.000000 1.000000 0.000000
-0.000000 1.000000 0.000000
-0.000000 1.000000 0.000000
-0.000000 1.000000 0.000000
0.000000 0.000000 -1.000000
0.000000 0.000000 -1.000000
0.000000 0.000000 -1.000000
0.000000 0.000000 -1.000000
0.000000 0.000000 -1.000000
0.000000 0.000000 -1.000000
0.000000 0.000000 -1.000000
0.000000 0.000000 -1.000000
0.000000 0.000000 -1.000000
0.000000 0.000000 -1.000000
0.000000 0.000000 -1.000000
0.000000 0.000000 -1.000000
0.000000 0.000000 -1.000000
0.000000 0.000000 -1.000000
0.000000 0.000000 -1.000000
0.000000 0.000000 -1.000000
0.000000 0.000000 -1.000000
0.000000 0.000000 -1.000000
0.000000 0.000000 -1.000000
0.000000 0.000000 -1.000000
0.000000 0.000000 -1.000000
0.000000 0.000000 -1.000000
0.000000 0.000000 -1.000000
0.000000 0.000000 -1.000000
0.000000 0.000000 1.000000
0.000000 0.000000 1.000000
0.000000 0.000000 1.000000
0.000000 0.000000 1.000000
0.000000 0.000000 1.000000
0.000000 0.000000 1.000000
0.000000 0.000000 1.000000
0.000000 0.000000 1.000000
0.000000 0.000000 1.000000
0.000000 0.000000 1.000000
0.000000 0.000000 1.000000
0.000000 0.000000 1.000000
0.000000 0.000000 1.000000
0.000000 0.000000 1.000000
0.000000 0.000000 1.000000
0.000000 0.000000 1.000000
0.000000 0.000000 1.000000
0.000000 0.000000 1.000000
0.000000 0.000000 1.000000
0.000000 0.000000 1.000000
0.000000 0.000000 1.000000
0.000000 0.000000 1.000000
0.000000 0.000000 1.000000
0.000000 0.000000 1.000000
</float_array>
          <technique_common>
            <accessor source="#ic_duvar001-Normal0-array" count="96" stride="3">
              <param name="X" type="float"/>
              <param name="Y" type="float"/>
              <param name="Z" type="float"/>
            </accessor>
          </technique_common>
        </source>
        <vertices id="ic_duvar001-VERTEX">
          <input semantic="POSITION" source="#ic_duvar001-POSITION"/>
        </vertices>
        <triangles count="32">
          <input semantic="VERTEX" offset="0" source="#ic_duvar001-VERTEX"/>
          <input semantic="NORMAL" offset="1" source="#ic_duvar001-Normal0"/>
          <p> 0 0 1 1 5 2 0 3 5 4 4 5 1 6 2 7 6 8 1 9 6 10 5 11 2 12 3 13 7 14 2 15 7 16 6 17 3 18 0 19 4 20 3 21 4 22 7 23 8 24 9 25 13 26 8 27 13 28 12 29 9 30 10 31 14 32 9 33 14 34 13 35 10 36 11 37 15 38 10 39 15 40 14 41 11 42 8 43 12 44 11 45 12 46 15 47 11 48 0 49 8 50 3 51 8 52 0 53 11 54 1 55 0 56 10 57 1 58 11 59 10 60 2 61 1 62 9 63 2 64 10 65 9 66 3 67 2 68 8 69 3 70 9 71 15 72 12 73 4 74 7 75 4 76 12 77 15 78 4 79 5 80 14 81 15 82 5 83 14 84 5 85 6 86 13 87 14 88 6 89 13 90 6 91 7 92 12 93 13 94 7 95</p>
        </triangles>
      </mesh>
    </geometry>
    <geometry id="ic_duvar002-lib" name="ic_duvar002Mesh">
      <mesh>
        <source id="ic_duvar002-POSITION">
          <float_array id="ic_duvar002-POSITION-array" count="48">
153.937012 -569.068848 0.000000
153.937012 205.000000 0.000000
-150.000000 205.000000 0.000000
-150.000000 -569.068848 0.000000
153.937012 -569.068848 39.370079
153.937012 205.000000 39.370079
-150.000000 205.000000 39.370079
-150.000000 -569.068848 39.370079
-138.188980 -557.258057 0.000000
-138.188980 193.188858 0.000000
142.125992 193.189041 0.000000
142.126007 -557.257812 0.000000
-138.188980 -557.258057 39.370079
-138.188980 193.188858 39.370079
142.125992 193.189041 39.370079
142.126007 -557.257812 39.370079
</float_array>
          <technique_common>
            <accessor source="#ic_duvar002-POSITION-array" count="16" stride="3">
              <param name="X" type="float"/>
              <param name="Y" type="float"/>
              <param name="Z" type="float"/>
            </accessor>
          </technique_common>
        </source>
        <source id="ic_duvar002-Normal0">
          <float_array id="ic_duvar002-Normal0-array" count="288">
1.000000 0.000000 0.000000
1.000000 0.000000 0.000000
1.000000 0.000000 0.000000
1.000000 0.000000 0.000000
1.000000 0.000000 0.000000
1.000000 0.000000 0.000000
0.000000 1.000000 0.000000
0.000000 1.000000 0.000000
0.000000 1.000000 0.000000
0.000000 1.000000 0.000000
0.000000 1.000000 0.000000
0.000000 1.000000 0.000000
-1.000000 0.000000 0.000000
-1.000000 0.000000 0.000000
-1.000000 0.000000 0.000000
-1.000000 0.000000 0.000000
-1.000000 0.000000 0.000000
-1.000000 0.000000 0.000000
0.000000 -1.000000 0.000000
0.000000 -1.000000 0.000000
0.000000 -1.000000 0.000000
0.000000 -1.000000 0.000000
0.000000 -1.000000 0.000000
0.000000 -1.000000 0.000000
1.000000 0.000000 0.000000
1.000000 0.000000 0.000000
1.000000 0.000000 0.000000
1.000000 0.000000 0.000000
1.000000 0.000000 0.000000
1.000000 0.000000 0.000000
0.000001 -1.000000 0.000000
0.000001 -1.000000 0.000000
0.000001 -1.000000 0.000000
0.000001 -1.000000 0.000000
0.000001 -1.000000 0.000000
0.000001 -1.000000 0.000000
-1.000000 -0.000000 0.000000
-1.000000 -0.000000 0.000000
-1.000000 -0.000000 0.000000
-1.000000 -0.000000 0.000000
-1.000000 -0.000000 0.000000
-1.000000 -0.000000 0.000000
-0.000001 1.000000 0.000000
-0.000001 1.000000 0.000000
-0.000001 1.000000 0.000000
-0.000001 1.000000 0.000000
-0.000001 1.000000 0.000000
-0.000001 1.000000 0.000000
0.000000 0.000000 -1.000000
0.000000 0.000000 -1.000000
0.000000 0.000000 -1.000000
0.000000 0.000000 -1.000000
0.000000 0.000000 -1.000000
0.000000 0.000000 -1.000000
0.000000 0.000000 -1.000000
0.000000 0.000000 -1.000000
0.000000 0.000000 -1.000000
0.000000 0.000000 -1.000000
0.000000 0.000000 -1.000000
0.000000 0.000000 -1.000000
0.000000 0.000000 -1.000000
0.000000 0.000000 -1.000000
0.000000 0.000000 -1.000000
0.000000 0.000000 -1.000000
0.000000 0.000000 -1.000000
0.000000 0.000000 -1.000000
0.000000 0.000000 -1.000000
0.000000 0.000000 -1.000000
0.000000 0.000000 -1.000000
0.000000 0.000000 -1.000000
0.000000 0.000000 -1.000000
0.000000 0.000000 -1.000000
0.000000 0.000000 1.000000
0.000000 0.000000 1.000000
0.000000 0.000000 1.000000
0.000000 0.000000 1.000000
0.000000 0.000000 1.000000
0.000000 0.000000 1.000000
0.000000 0.000000 1.000000
0.000000 0.000000 1.000000
0.000000 0.000000 1.000000
0.000000 0.000000 1.000000
0.000000 0.000000 1.000000
0.000000 0.000000 1.000000
0.000000 0.000000 1.000000
0.000000 0.000000 1.000000
0.000000 0.000000 1.000000
0.000000 0.000000 1.000000
0.000000 0.000000 1.000000
0.000000 0.000000 1.000000
0.000000 0.000000 1.000000
0.000000 0.000000 1.000000
0.000000 0.000000 1.000000
0.000000 0.000000 1.000000
0.000000 0.000000 1.000000
0.000000 0.000000 1.000000
</float_array>
          <technique_common>
            <accessor source="#ic_duvar002-Normal0-array" count="96" stride="3">
              <param name="X" type="float"/>
              <param name="Y" type="float"/>
              <param name="Z" type="float"/>
            </accessor>
          </technique_common>
        </source>
        <vertices id="ic_duvar002-VERTEX">
          <input semantic="POSITION" source="#ic_duvar002-POSITION"/>
        </vertices>
        <triangles count="32">
          <input semantic="VERTEX" offset="0" source="#ic_duvar002-VERTEX"/>
          <input semantic="NORMAL" offset="1" source="#ic_duvar002-Normal0"/>
          <p> 0 0 1 1 5 2 0 3 5 4 4 5 1 6 2 7 6 8 1 9 6 10 5 11 2 12 3 13 7 14 2 15 7 16 6 17 3 18 0 19 4 20 3 21 4 22 7 23 8 24 9 25 13 26 8 27 13 28 12 29 9 30 10 31 14 32 9 33 14 34 13 35 10 36 11 37 15 38 10 39 15 40 14 41 11 42 8 43 12 44 11 45 12 46 15 47 11 48 0 49 8 50 3 51 8 52 0 53 11 54 1 55 0 56 10 57 1 58 11 59 10 60 2 61 1 62 9 63 2 64 10 65 9 66 3 67 2 68 8 69 3 70 9 71 15 72 12 73 4 74 7 75 4 76 12 77 15 78 4 79 5 80 14 81 15 82 5 83 14 84 5 85 6 86 13 87 14 88 6 89 13 90 6 91 7 92 12 93 13 94 7 95</p>
        </triangles>
      </mesh>
    </geometry>
    <geometry id="ic_duvar003-lib" name="ic_duvar003Mesh">
      <mesh>
        <source id="ic_duvar003-POSITION">
          <float_array id="ic_duvar003-POSITION-array" count="132">
-149.036865 -184.790543 0.000000
-146.293915 -192.456467 0.000000
-141.990784 -199.221115 0.000000
-136.347061 -204.864777 0.000000
-129.582458 -209.167984 0.000000
-121.916519 -211.910919 0.000000
-113.568932 -212.874023 0.000000
153.937012 -212.874023 0.000000
153.937012 205.000000 0.000000
-150.000000 205.000000 0.000000
-150.000000 -176.442963 0.000000
-149.036865 -184.790543 39.370079
-146.293915 -192.456467 39.370079
-141.990784 -199.221115 39.370079
-136.347061 -204.864777 39.370079
-129.582458 -209.167984 39.370079
-121.916519 -211.910919 39.370079
-113.568932 -212.874023 39.370079
153.937012 -212.874023 39.370079
153.937012 205.000000 39.370079
-150.000000 205.000000 39.370079
-150.000000 -176.442963 39.370079
-138.188980 -164.631989 0.000000
-138.188980 193.188858 0.000000
142.125992 193.189041 0.000000
142.126038 -201.063004 0.000000
-101.757904 -201.063065 0.000000
-110.105499 -200.099945 0.000000
-117.771431 -197.357010 0.000000
-124.536041 -193.053818 0.000000
-130.179764 -187.410141 0.000000
-134.482895 -180.645508 0.000000
-137.225845 -172.979584 0.000000
-138.188980 -164.631989 39.370079
-138.188980 193.188858 39.370079
142.125992 193.189041 39.370079
142.126038 -201.063004 39.370079
-101.757904 -201.063065 39.370079
-110.105499 -200.099945 39.370079
-117.771431 -197.357010 39.370079
-124.536041 -193.053818 39.370079
-130.179764 -187.410141 39.370079
-134.482895 -180.645508 39.370079
-137.225845 -172.979584 39.370079
</float_array>
          <technique_common>
            <accessor source="#ic_duvar003-POSITION-array" count="44" stride="3">
              <param name="X" type="float"/>
              <param name="Y" type="float"/>
              <param name="Z" type="float"/>
            </accessor>
          </technique_common>
        </source>
        <source id="ic_duvar003-Normal0">
          <float_array id="ic_duvar003-Normal0-array" count="792">
-0.973839 -0.227241 0.000000
-0.898223 -0.439540 0.000000
-0.898223 -0.439540 0.000000
-0.973839 -0.227241 0.000000
-0.898223 -0.439540 0.000000
-0.973839 -0.227241 0.000000
-0.898223 -0.439540 0.000000
-0.780094 -0.625662 0.000000
-0.780094 -0.625662 0.000000
-0.898223 -0.439540 0.000000
-0.780094 -0.625662 0.000000
-0.898223 -0.439540 0.000000
-0.780094 -0.625662 0.000000
-0.625662 -0.780094 0.000000
-0.625662 -0.780094 0.000000
-0.780094 -0.625662 0.000000
-0.625662 -0.780094 0.000000
-0.780094 -0.625662 0.000000
-0.625662 -0.780094 0.000000
-0.439544 -0.898221 0.000000
-0.439544 -0.898221 0.000000
-0.625662 -0.780094 0.000000
-0.439544 -0.898221 0.000000
-0.625662 -0.780094 0.000000
-0.439544 -0.898221 0.000000
-0.227238 -0.973839 0.000000
-0.227238 -0.973839 0.000000
-0.439544 -0.898221 0.000000
-0.227238 -0.973839 0.000000
-0.439544 -0.898221 0.000000
-0.227238 -0.973839 0.000000
-0.057402 -0.998351 0.000000
-0.057402 -0.998351 0.000000
-0.227238 -0.973839 0.000000
-0.057402 -0.998351 0.000000
-0.227238 -0.973839 0.000000
-0.057402 -0.998351 0.000000
0.000000 -1.000000 0.000000
0.000000 -1.000000 0.000000
-0.057402 -0.998351 0.000000
0.000000 -1.000000 0.000000
-0.057402 -0.998351 0.000000
1.000000 0.000000 0.000000
1.000000 0.000000 0.000000
1.000000 0.000000 0.000000
1.000000 0.000000 0.000000
1.000000 0.000000 0.000000
1.000000 0.000000 0.000000
0.000000 1.000000 0.000000
0.000000 1.000000 0.000000
0.000000 1.000000 0.000000
0.000000 1.000000 0.000000
0.000000 1.000000 0.000000
0.000000 1.000000 0.000000
-1.000000 0.000000 0.000000
-0.998351 -0.057404 0.000000
-0.998351 -0.057404 0.000000
-1.000000 0.000000 0.000000
-0.998351 -0.057404 0.000000
-1.000000 0.000000 0.000000
-0.998351 -0.057404 0.000000
-0.973839 -0.227241 0.000000
-0.973839 -0.227241 0.000000
-0.998351 -0.057404 0.000000
-0.973839 -0.227241 0.000000
-0.998351 -0.057404 0.000000
0.998351 0.057404 0.000000
1.000000 0.000000 0.000000
1.000000 0.000000 0.000000
0.998351 0.057404 0.000000
1.000000 0.000000 0.000000
0.998351 0.057404 0.000000
0.000001 -1.000000 0.000000
0.000001 -1.000000 0.000000
0.000001 -1.000000 0.000000
0.000001 -1.000000 0.000000
0.000001 -1.000000 0.000000
0.000001 -1.000000 0.000000
-1.000000 -0.000000 0.000000
-1.000000 -0.000000 0.000000
-1.000000 -0.000000 0.000000
-1.000000 -0.000000 0.000000
-1.000000 -0.000000 0.000000
-1.000000 -0.000000 0.000000
-0.000000 1.000000 0.000000
0.057403 0.998351 0.000000
0.057403 0.998351 0.000000
-0.000000 1.000000 0.000000
0.057403 0.998351 0.000000
-0.000000 1.000000 0.000000
0.057403 0.998351 0.000000
0.227239 0.973839 0.000000
0.227239 0.973839 0.000000
0.057403 0.998351 0.000000
0.227239 0.973839 0.000000
0.057403 0.998351 0.000000
0.227239 0.973839 0.000000
0.439543 0.898222 0.000000
0.439543 0.898222 0.000000
0.227239 0.973839 0.000000
0.439543 0.898222 0.000000
0.227239 0.973839 0.000000
0.439543 0.898222 0.000000
0.625662 0.780094 0.000000
0.625662 0.780094 0.000000
0.439543 0.898222 0.000000
0.625662 0.780094 0.000000
0.439543 0.898222 0.000000
0.625662 0.780094 0.000000
0.780094 0.625662 0.000000
0.780094 0.625662 0.000000
0.625662 0.780094 0.000000
0.780094 0.625662 0.000000
0.625662 0.780094 0.000000
0.780094 0.625662 0.000000
0.898223 0.439540 0.000000
0.898223 0.439540 0.000000
0.780094 0.625662 0.000000
0.898223 0.439540 0.000000
0.780094 0.625662 0.000000
0.898223 0.439540 0.000000
0.973839 0.227241 0.000000
0.973839 0.227241 0.000000
0.898223 0.439540 0.000000
0.973839 0.227241 0.000000
0.898223 0.439540 0.000000
0.973839 0.227241 0.000000
0.998351 0.057404 0.000000
0.998351 0.057404 0.000000
0.973839 0.227241 0.000000
0.998351 0.057404 0.000000
0.973839 0.227241 0.000000
0.000000 0.000000 -1.000000
0.000000 0.000000 -1.000000
0.000000 0.000000 -1.000000
0.000000 0.000000 -1.000000
0.000000 0.000000 -1.000000
0.000000 0.000000 -1.000000
0.000000 0.000000 -1.000000
0.000000 0.000000 -1.000000
0.000000 0.000000 -1.000000
0.000000 0.000000 -1.000000
0.000000 0.000000 -1.000000
0.000000 0.000000 -1.000000
0.000000 0.000000 -1.000000
0.000000 0.000000 -1.000000
0.000000 0.000000 -1.000000
0.000000 0.000000 -1.000000
0.000000 0.000000 -1.000000
0.000000 0.000000 -1.000000
0.000000 0.000000 -1.000000
0.000000 0.000000 -1.000000
0.000000 0.000000 -1.000000
0.000000 0.000000 -1.000000
0.000000 0.000000 -1.000000
0.000000 0.000000 -1.000000
0.000000 0.000000 -1.000000
0.000000 0.000000 -1.000000
0.000000 0.000000 -1.000000
0.000000 0.000000 -1.000000
0.000000 0.000000 -1.000000
0.000000 0.000000 -1.000000
0.000000 0.000000 -1.000000
0.000000 0.000000 -1.000000
0.000000 0.000000 -1.000000
0.000000 0.000000 -1.000000
0.000000 0.000000 -1.000000
0.000000 0.000000 -1.000000
0.000000 0.000000 -1.000000
0.000000 0.000000 -1.000000
0.000000 0.000000 -1.000000
0.000000 0.000000 -1.000000
0.000000 0.000000 -1.000000
0.000000 0.000000 -1.000000
0.000000 0.000000 -1.000000
0.000000 0.000000 -1.000000
0.000000 0.000000 -1.000000
0.000000 0.000000 -1.000000
0.000000 0.000000 -1.000000
0.000000 0.000000 -1.000000
0.000000 0.000000 -1.000000
0.000000 0.000000 -1.000000
0.000000 0.000000 -1.000000
0.000000 0.000000 -1.000000
0.000000 0.000000 -1.000000
0.000000 0.000000 -1.000000
0.000000 0.000000 -1.000000
0.000000 0.000000 -1.000000
0.000000 0.000000 -1.000000
0.000000 0.000000 -1.000000
0.000000 0.000000 -1.000000
0.000000 0.000000 -1.000000
0.000000 0.000000 -1.000000
0.000000 0.000000 -1.000000
0.000000 0.000000 -1.000000
0.000000 0.000000 -1.000000
0.000000 0.000000 -1.000000
0.000000 0.000000 -1.000000
0.000000 0.000000 1.000000
0.000000 0.000000 1.000000
0.000000 0.000000 1.000000
0.000000 0.000000 1.000000
0.000000 0.000000 1.000000
0.000000 0.000000 1.000000
0.000000 0.000000 1.000000
0.000000 0.000000 1.000000
0.000000 0.000000 1.000000
0.000000 0.000000 1.000000
0.000000 0.000000 1.000000
0.000000 0.000000 1.000000
0.000000 0.000000 1.000000
0.000000 0.000000 1.000000
0.000000 0.000000 1.000000
0.000000 0.000000 1.000000
0.000000 0.000000 1.000000
0.000000 0.000000 1.000000
0.000000 0.000000 1.000000
0.000000 0.000000 1.000000
0.000000 0.000000 1.000000
0.000000 0.000000 1.000000
0.000000 0.000000 1.000000
0.000000 0.000000 1.000000
0.000000 0.000000 1.000000
0.000000 0.000000 1.000000
0.000000 0.000000 1.000000
0.000000 0.000000 1.000000
0.000000 0.000000 1.000000
0.000000 0.000000 1.000000
0.000000 0.000000 1.000000
0.000000 0.000000 1.000000
0.000000 0.000000 1.000000
0.000000 0.000000 1.000000
0.000000 0.000000 1.000000
0.000000 0.000000 1.000000
0.000000 0.000000 1.000000
0.000000 0.000000 1.000000
0.000000 0.000000 1.000000
0.000000 0.000000 1.000000
0.000000 0.000000 1.000000
0.000000 0.000000 1.000000
0.000000 0.000000 1.000000
0.000000 0.000000 1.000000
0.000000 0.000000 1.000000
0.000000 0.000000 1.000000
0.000000 0.000000 1.000000
0.000000 0.000000 1.000000
0.000000 0.000000 1.000000
0.000000 0.000000 1.000000
0.000000 0.000000 1.000000
0.000000 0.000000 1.000000
0.000000 0.000000 1.000000
0.000000 0.000000 1.000000
0.000000 0.000000 1.000000
0.000000 0.000000 1.000000
0.000000 0.000000 1.000000
0.000000 0.000000 1.000000
0.000000 0.000000 1.000000
0.000000 0.000000 1.000000
0.000000 0.000000 1.000000
0.000000 0.000000 1.000000
0.000000 0.000000 1.000000
0.000000 0.000000 1.000000
0.000000 0.000000 1.000000
0.000000 0.000000 1.000000
</float_array>
          <technique_common>
            <accessor source="#ic_duvar003-Normal0-array" count="264" stride="3">
              <param name="X" type="float"/>
              <param name="Y" type="float"/>
              <param name="Z" type="float"/>
            </accessor>
          </technique_common>
        </source>
        <vertices id="ic_duvar003-VERTEX">
          <input semantic="POSITION" source="#ic_duvar003-POSITION"/>
        </vertices>
        <triangles count="88">
          <input semantic="VERTEX" offset="0" source="#ic_duvar003-VERTEX"/>
          <input semantic="NORMAL" offset="1" source="#ic_duvar003-Normal0"/>
          <p> 0 0 1 1 12 2 0 3 12 4 11 5 1 6 2 7 13 8 1 9 13 10 12 11 2 12 3 13 14 14 2 15 14 16 13 17 3 18 4 19 15 20 3 21 15 22 14 23 4 24 5 25 16 26 4 27 16 28 15 29 5 30 6 31 17 32 5 33 17 34 16 35 6 36 7 37 18 38 6 39 18 40 17 41 7 42 8 43 19 44 7 45 19 46 18 47 8 48 9 49 20 50 8 51 20 52 19 53 9 54 10 55 21 56 9 57 21 58 20 59 10 60 0 61 11 62 10 63 11 64 21 65 22 66 23 67 34 68 22 69 34 70 33 71 23 72 24 73 35 74 23 75 35 76 34 77 24 78 25 79 36 80 24 81 36 82 35 83 25 84 26 85 37 86 25 87 37 88 36 89 26 90 27 91 38 92 26 93 38 94 37 95 27 96 28 97 39 98 27 99 39 100 38 101 28 102 29 103 40 104 28 105 40 106 39 107 29 108 30 109 41 110 29 111 41 112 40 113 30 114 31 115 42 116 30 117 42 118 41 119 31 120 32 121 43 122 31 123 43 124 42 125 32 126 22 127 33 128 32 129 33 130 43 131 25 132 7 133 6 134 6 135 26 136 25 137 25 138 8 139 7 140 24 141 8 142 25 143 24 144 9 145 8 146 23 147 9 148 24 149 23 150 10 151 9 152 22 153 10 154 23 155 6 156 27 157 26 158 32 159 10 160 22 161 6 162 28 163 27 164 5 165 28 166 6 167 4 168 28 169 5 170 4 171 29 172 28 173 3 174 29 175 4 176 3 177 30 178 29 179 2 180 30 181 3 182 1 183 30 184 2 185 1 186 31 187 30 188 0 189 31 190 1 191 10 192 31 193 0 194 32 195 31 196 10 197 36 198 17 199 18 200 17 201 36 202 37 203 36 204 18 205 19 206 35 207 36 208 19 209 35 210 19 211 20 212 34 213 35 214 20 215 34 216 20 217 21 218 33 219 34 220 21 221 17 222 37 223 38 224 43 225 33 226 21 227 17 228 38 229 39 230 16 231 17 232 39 233 15 234 16 235 39 236 15 237 39 238 40 239 14 240 15 241 40 242 14 243 40 244 41 245 13 246 14 247 41 248 12 249 13 250 41 251 12 252 41 253 42 254 11 255 12 256 42 257 21 258 11 259 42 260 43 261 21 262 42 263</p>
        </triangles>
      </mesh>
    </geometry>
    <geometry id="ic_duva00r4-lib" name="ic_duva00r4Mesh">
      <mesh>
        <source id="ic_duva00r4-POSITION">
          <float_array id="ic_duva00r4-POSITION-array" count="48">
216.929153 -521.824707 0.000000
216.929153 205.000000 0.000000
-189.370087 205.000000 0.000000
-189.370087 -521.824707 0.000000
216.929153 -521.824707 39.370079
216.929153 205.000000 39.370079
-189.370087 205.000000 39.370079
-189.370087 -521.824707 39.370079
-177.559082 -510.013947 0.000000
-177.559082 193.188858 0.000000
205.118118 193.189041 0.000000
205.118149 -510.013702 0.000000
-177.559082 -510.013947 39.370079
-177.559082 193.188858 39.370079
205.118118 193.189041 39.370079
205.118149 -510.013702 39.370079
</float_array>
          <technique_common>
            <accessor source="#ic_duva00r4-POSITION-array" count="16" stride="3">
              <param name="X" type="float"/>
              <param name="Y" type="float"/>
              <param name="Z" type="float"/>
            </accessor>
          </technique_common>
        </source>
        <source id="ic_duva00r4-Normal0">
          <float_array id="ic_duva00r4-Normal0-array" count="288">
1.000000 0.000000 0.000000
1.000000 0.000000 0.000000
1.000000 0.000000 0.000000
1.000000 0.000000 0.000000
1.000000 0.000000 0.000000
1.000000 0.000000 0.000000
0.000000 1.000000 0.000000
0.000000 1.000000 0.000000
0.000000 1.000000 0.000000
0.000000 1.000000 0.000000
0.000000 1.000000 0.000000
0.000000 1.000000 0.000000
-1.000000 0.000000 0.000000
-1.000000 0.000000 0.000000
-1.000000 0.000000 0.000000
-1.000000 0.000000 0.000000
-1.000000 0.000000 0.000000
-1.000000 0.000000 0.000000
0.000000 -1.000000 0.000000
0.000000 -1.000000 0.000000
0.000000 -1.000000 0.000000
0.000000 -1.000000 0.000000
0.000000 -1.000000 0.000000
0.000000 -1.000000 0.000000
1.000000 0.000000 0.000000
1.000000 0.000000 0.000000
1.000000 0.000000 0.000000
1.000000 0.000000 0.000000
1.000000 0.000000 0.000000
1.000000 0.000000 0.000000
0.000000 -1.000000 0.000000
0.000000 -1.000000 0.000000
0.000000 -1.000000 0.000000
0.000000 -1.000000 0.000000
0.000000 -1.000000 0.000000
0.000000 -1.000000 0.000000
-1.000000 -0.000000 0.000000
-1.000000 -0.000000 0.000000
-1.000000 -0.000000 0.000000
-1.000000 -0.000000 0.000000
-1.000000 -0.000000 0.000000
-1.000000 -0.000000 0.000000
-0.000001 1.000000 0.000000
-0.000001 1.000000 0.000000
-0.000001 1.000000 0.000000
-0.000001 1.000000 0.000000
-0.000001 1.000000 0.000000
-0.000001 1.000000 0.000000
0.000000 0.000000 -1.000000
0.000000 0.000000 -1.000000
0.000000 0.000000 -1.000000
0.000000 0.000000 -1.000000
0.000000 0.000000 -1.000000
0.000000 0.000000 -1.000000
0.000000 0.000000 -1.000000
0.000000 0.000000 -1.000000
0.000000 0.000000 -1.000000
0.000000 0.000000 -1.000000
0.000000 0.000000 -1.000000
0.000000 0.000000 -1.000000
0.000000 0.000000 -1.000000
0.000000 0.000000 -1.000000
0.000000 0.000000 -1.000000
0.000000 0.000000 -1.000000
0.000000 0.000000 -1.000000
0.000000 0.000000 -1.000000
0.000000 0.000000 -1.000000
0.000000 0.000000 -1.000000
0.000000 0.000000 -1.000000
0.000000 0.000000 -1.000000
0.000000 0.000000 -1.000000
0.000000 0.000000 -1.000000
0.000000 0.000000 1.000000
0.000000 0.000000 1.000000
0.000000 0.000000 1.000000
0.000000 0.000000 1.000000
0.000000 0.000000 1.000000
0.000000 0.000000 1.000000
0.000000 0.000000 1.000000
0.000000 0.000000 1.000000
0.000000 0.000000 1.000000
0.000000 0.000000 1.000000
0.000000 0.000000 1.000000
0.000000 0.000000 1.000000
0.000000 0.000000 1.000000
0.000000 0.000000 1.000000
0.000000 0.000000 1.000000
0.000000 0.000000 1.000000
0.000000 0.000000 1.000000
0.000000 0.000000 1.000000
0.000000 0.000000 1.000000
0.000000 0.000000 1.000000
0.000000 0.000000 1.000000
0.000000 0.000000 1.000000
0.000000 0.000000 1.000000
0.000000 0.000000 1.000000
</float_array>
          <technique_common>
            <accessor source="#ic_duva00r4-Normal0-array" count="96" stride="3">
              <param name="X" type="float"/>
              <param name="Y" type="float"/>
              <param name="Z" type="float"/>
            </accessor>
          </technique_common>
        </source>
        <vertices id="ic_duva00r4-VERTEX">
          <input semantic="POSITION" source="#ic_duva00r4-POSITION"/>
        </vertices>
        <triangles count="32">
          <input semantic="VERTEX" offset="0" source="#ic_duva00r4-VERTEX"/>
          <input semantic="NORMAL" offset="1" source="#ic_duva00r4-Normal0"/>
          <p> 0 0 1 1 5 2 0 3 5 4 4 5 1 6 2 7 6 8 1 9 6 10 5 11 2 12 3 13 7 14 2 15 7 16 6 17 3 18 0 19 4 20 3 21 4 22 7 23 8 24 9 25 13 26 8 27 13 28 12 29 9 30 10 31 14 32 9 33 14 34 13 35 10 36 11 37 15 38 10 39 15 40 14 41 11 42 8 43 12 44 11 45 12 46 15 47 11 48 0 49 8 50 3 51 8 52 0 53 11 54 1 55 0 56 10 57 1 58 11 59 10 60 2 61 1 62 9 63 2 64 10 65 9 66 3 67 2 68 8 69 3 70 9 71 15 72 12 73 4 74 7 75 4 76 12 77 15 78 4 79 5 80 14 81 15 82 5 83 14 84 5 85 6 86 13 87 14 88 6 89 13 90 6 91 7 92 12 93 13 94 7 95</p>
        </triangles>
      </mesh>
    </geometry>
    <geometry id="ic_duvar005-lib" name="ic_duvar005Mesh">
      <mesh>
        <source id="ic_duvar005-POSITION">
          <float_array id="ic_duvar005-POSITION-array" count="48">
228.740173 -437.179016 0.000000
228.740173 161.692902 0.000000
-169.685043 161.692902 0.000000
-169.685043 -437.179016 0.000000
228.740173 -437.179016 39.370079
228.740173 161.692902 39.370079
-169.685043 161.692902 39.370079
-169.685043 -437.179016 39.370079
-157.874039 -425.368256 0.000000
-157.874039 149.881760 0.000000
216.929138 149.881943 0.000000
216.929169 -425.368011 0.000000
-157.874039 -425.368256 39.370079
-157.874039 149.881760 39.370079
216.929138 149.881943 39.370079
216.929169 -425.368011 39.370079
</float_array>
          <technique_common>
            <accessor source="#ic_duvar005-POSITION-array" count="16" stride="3">
              <param name="X" type="float"/>
              <param name="Y" type="float"/>
              <param name="Z" type="float"/>
            </accessor>
          </technique_common>
        </source>
        <source id="ic_duvar005-Normal0">
          <float_array id="ic_duvar005-Normal0-array" count="288">
1.000000 0.000000 0.000000
1.000000 0.000000 0.000000
1.000000 0.000000 0.000000
1.000000 0.000000 0.000000
1.000000 0.000000 0.000000
1.000000 0.000000 0.000000
0.000000 1.000000 0.000000
0.000000 1.000000 0.000000
0.000000 1.000000 0.000000
0.000000 1.000000 0.000000
0.000000 1.000000 0.000000
0.000000 1.000000 0.000000
-1.000000 0.000000 0.000000
-1.000000 0.000000 0.000000
-1.000000 0.000000 0.000000
-1.000000 0.000000 0.000000
-1.000000 0.000000 0.000000
-1.000000 0.000000 0.000000
0.000000 -1.000000 0.000000
0.000000 -1.000000 0.000000
0.000000 -1.000000 0.000000
0.000000 -1.000000 0.000000
0.000000 -1.000000 0.000000
0.000000 -1.000000 0.000000
1.000000 0.000000 0.000000
1.000000 0.000000 0.000000
1.000000 0.000000 0.000000
1.000000 0.000000 0.000000
1.000000 0.000000 0.000000
1.000000 0.000000 0.000000
0.000000 -1.000000 0.000000
0.000000 -1.000000 0.000000
0.000000 -1.000000 0.000000
0.000000 -1.000000 0.000000
0.000000 -1.000000 0.000000
0.000000 -1.000000 0.000000
-1.000000 -0.000000 0.000000
-1.000000 -0.000000 0.000000
-1.000000 -0.000000 0.000000
-1.000000 -0.000000 0.000000
-1.000000 -0.000000 0.000000
-1.000000 -0.000000 0.000000
-0.000001 1.000000 0.000000
-0.000001 1.000000 0.000000
-0.000001 1.000000 0.000000
-0.000001 1.000000 0.000000
-0.000001 1.000000 0.000000
-0.000001 1.000000 0.000000
0.000000 0.000000 -1.000000
0.000000 0.000000 -1.000000
0.000000 0.000000 -1.000000
0.000000 0.000000 -1.000000
0.000000 0.000000 -1.000000
0.000000 0.000000 -1.000000
0.000000 0.000000 -1.000000
0.000000 0.000000 -1.000000
0.000000 0.000000 -1.000000
0.000000 0.000000 -1.000000
0.000000 0.000000 -1.000000
0.000000 0.000000 -1.000000
0.000000 0.000000 -1.000000
0.000000 0.000000 -1.000000
0.000000 0.000000 -1.000000
0.000000 0.000000 -1.000000
0.000000 0.000000 -1.000000
0.000000 0.000000 -1.000000
0.000000 0.000000 -1.000000
0.000000 0.000000 -1.000000
0.000000 0.000000 -1.000000
0.000000 0.000000 -1.000000
0.000000 0.000000 -1.000000
0.000000 0.000000 -1.000000
0.000000 0.000000 1.000000
0.000000 0.000000 1.000000
0.000000 0.000000 1.000000
0.000000 0.000000 1.000000
0.000000 0.000000 1.000000
0.000000 0.000000 1.000000
0.000000 0.000000 1.000000
0.000000 0.000000 1.000000
0.000000 0.000000 1.000000
0.000000 0.000000 1.000000
0.000000 0.000000 1.000000
0.000000 0.000000 1.000000
0.000000 0.000000 1.000000
0.000000 0.000000 1.000000
0.000000 0.000000 1.000000
0.000000 0.000000 1.000000
0.000000 0.000000 1.000000
0.000000 0.000000 1.000000
0.000000 0.000000 1.000000
0.000000 0.000000 1.000000
0.000000 0.000000 1.000000
0.000000 0.000000 1.000000
0.000000 0.000000 1.000000
0.000000 0.000000 1.000000
</float_array>
          <technique_common>
            <accessor source="#ic_duvar005-Normal0-array" count="96" stride="3">
              <param name="X" type="float"/>
              <param name="Y" type="float"/>
              <param name="Z" type="float"/>
            </accessor>
          </technique_common>
        </source>
        <vertices id="ic_duvar005-VERTEX">
          <input semantic="POSITION" source="#ic_duvar005-POSITION"/>
        </vertices>
        <triangles count="32">
          <input semantic="VERTEX" offset="0" source="#ic_duvar005-VERTEX"/>
          <input semantic="NORMAL" offset="1" source="#ic_duvar005-Normal0"/>
          <p> 0 0 1 1 5 2 0 3 5 4 4 5 1 6 2 7 6 8 1 9 6 10 5 11 2 12 3 13 7 14 2 15 7 16 6 17 3 18 0 19 4 20 3 21 4 22 7 23 8 24 9 25 13 26 8 27 13 28 12 29 9 30 10 31 14 32 9 33 14 34 13 35 10 36 11 37 15 38 10 39 15 40 14 41 11 42 8 43 12 44 11 45 12 46 15 47 11 48 0 49 8 50 3 51 8 52 0 53 11 54 1 55 0 56 10 57 1 58 11 59 10 60 2 61 1 62 9 63 2 64 10 65 9 66 3 67 2 68 8 69 3 70 9 71 15 72 12 73 4 74 7 75 4 76 12 77 15 78 4 79 5 80 14 81 15 82 5 83 14 84 5 85 6 86 13 87 14 88 6 89 13 90 6 91 7 92 12 93 13 94 7 95</p>
        </triangles>
      </mesh>
    </geometry>
    <geometry id="ic_duvar006-lib" name="ic_duvar006Mesh">
      <mesh>
        <source id="ic_duvar006-POSITION">
          <float_array id="ic_duvar006-POSITION-array" count="48">
228.740173 -405.682983 0.000000
228.740173 128.228317 0.000000
-173.622040 128.228317 0.000000
-173.622040 -405.682983 0.000000
228.740173 -405.682983 39.370079
228.740173 128.228317 39.370079
-173.622040 128.228317 39.370079
-173.622040 -405.682983 39.370079
-150.000031 -393.872223 0.000000
-150.000031 116.417198 0.000000
216.929138 116.417381 0.000000
216.929169 -393.871979 0.000000
-150.000031 -393.872223 39.370079
-150.000031 116.417198 39.370079
216.929138 116.417381 39.370079
216.929169 -393.871979 39.370079
</float_array>
          <technique_common>
            <accessor source="#ic_duvar006-POSITION-array" count="16" stride="3">
              <param name="X" type="float"/>
              <param name="Y" type="float"/>
              <param name="Z" type="float"/>
            </accessor>
          </technique_common>
        </source>
        <source id="ic_duvar006-Normal0">
          <float_array id="ic_duvar006-Normal0-array" count="288">
1.000000 0.000000 0.000000
1.000000 0.000000 0.000000
1.000000 0.000000 0.000000
1.000000 0.000000 0.000000
1.000000 0.000000 0.000000
1.000000 0.000000 0.000000
0.000000 1.000000 0.000000
0.000000 1.000000 0.000000
0.000000 1.000000 0.000000
0.000000 1.000000 0.000000
0.000000 1.000000 0.000000
0.000000 1.000000 0.000000
-1.000000 0.000000 0.000000
-1.000000 0.000000 0.000000
-1.000000 0.000000 0.000000
-1.000000 0.000000 0.000000
-1.000000 0.000000 0.000000
-1.000000 0.000000 0.000000
0.000000 -1.000000 0.000000
0.000000 -1.000000 0.000000
0.000000 -1.000000 0.000000
0.000000 -1.000000 0.000000
0.000000 -1.000000 0.000000
0.000000 -1.000000 0.000000
1.000000 0.000000 0.000000
1.000000 0.000000 0.000000
1.000000 0.000000 0.000000
1.000000 0.000000 0.000000
1.000000 0.000000 0.000000
1.000000 0.000000 0.000000
0.000000 -1.000000 0.000000
0.000000 -1.000000 0.000000
0.000000 -1.000000 0.000000
0.000000 -1.000000 0.000000
0.000000 -1.000000 0.000000
0.000000 -1.000000 0.000000
-1.000000 -0.000000 0.000000
-1.000000 -0.000000 0.000000
-1.000000 -0.000000 0.000000
-1.000000 -0.000000 0.000000
-1.000000 -0.000000 0.000000
-1.000000 -0.000000 0.000000
-0.000001 1.000000 0.000000
-0.000001 1.000000 0.000000
-0.000001 1.000000 0.000000
-0.000001 1.000000 0.000000
-0.000001 1.000000 0.000000
-0.000001 1.000000 0.000000
0.000000 0.000000 -1.000000
0.000000 0.000000 -1.000000
0.000000 0.000000 -1.000000
0.000000 0.000000 -1.000000
0.000000 0.000000 -1.000000
0.000000 0.000000 -1.000000
0.000000 0.000000 -1.000000
0.000000 0.000000 -1.000000
0.000000 0.000000 -1.000000
0.000000 0.000000 -1.000000
0.000000 0.000000 -1.000000
0.000000 0.000000 -1.000000
0.000000 0.000000 -1.000000
0.000000 0.000000 -1.000000
0.000000 0.000000 -1.000000
0.000000 0.000000 -1.000000
0.000000 0.000000 -1.000000
0.000000 0.000000 -1.000000
0.000000 0.000000 -1.000000
0.000000 0.000000 -1.000000
0.000000 0.000000 -1.000000
0.000000 0.000000 -1.000000
0.000000 0.000000 -1.000000
0.000000 0.000000 -1.000000
0.000000 0.000000 1.000000
0.000000 0.000000 1.000000
0.000000 0.000000 1.000000
0.000000 0.000000 1.000000
0.000000 0.000000 1.000000
0.000000 0.000000 1.000000
0.000000 0.000000 1.000000
0.000000 0.000000 1.000000
0.000000 0.000000 1.000000
0.000000 0.000000 1.000000
0.000000 0.000000 1.000000
0.000000 0.000000 1.000000
0.000000 0.000000 1.000000
0.000000 0.000000 1.000000
0.000000 0.000000 1.000000
0.000000 0.000000 1.000000
0.000000 0.000000 1.000000
0.000000 0.000000 1.000000
0.000000 0.000000 1.000000
0.000000 0.000000 1.000000
0.000000 0.000000 1.000000
0.000000 0.000000 1.000000
0.000000 0.000000 1.000000
0.000000 0.000000 1.000000
</float_array>
          <technique_common>
            <accessor source="#ic_duvar006-Normal0-array" count="96" stride="3">
              <param name="X" type="float"/>
              <param name="Y" type="float"/>
              <param name="Z" type="float"/>
            </accessor>
          </technique_common>
        </source>
        <vertices id="ic_duvar006-VERTEX">
          <input semantic="POSITION" source="#ic_duvar006-POSITION"/>
        </vertices>
        <triangles count="32">
          <input semantic="VERTEX" offset="0" source="#ic_duvar006-VERTEX"/>
          <input semantic="NORMAL" offset="1" source="#ic_duvar006-Normal0"/>
          <p> 0 0 1 1 5 2 0 3 5 4 4 5 1 6 2 7 6 8 1 9 6 10 5 11 2 12 3 13 7 14 2 15 7 16 6 17 3 18 0 19 4 20 3 21 4 22 7 23 8 24 9 25 13 26 8 27 13 28 12 29 9 30 10 31 14 32 9 33 14 34 13 35 10 36 11 37 15 38 10 39 15 40 14 41 11 42 8 43 12 44 11 45 12 46 15 47 11 48 0 49 8 50 3 51 8 52 0 53 11 54 1 55 0 56 10 57 1 58 11 59 10 60 2 61 1 62 9 63 2 64 10 65 9 66 3 67 2 68 8 69 3 70 9 71 15 72 12 73 4 74 7 75 4 76 12 77 15 78 4 79 5 80 14 81 15 82 5 83 14 84 5 85 6 86 13 87 14 88 6 89 13 90 6 91 7 92 12 93 13 94 7 95</p>
        </triangles>
      </mesh>
    </geometry>
    <geometry id="ic_duvar007-lib" name="ic_duvar007Mesh">
      <mesh>
        <source id="ic_duvar007-POSITION">
          <float_array id="ic_duvar007-POSITION-array" count="324">
71.097168 -557.257812 0.000000
-185.433075 -557.258118 0.000000
-185.433060 193.188904 0.000000
311.417267 193.189011 0.000000
311.417267 -316.205780 0.000000
323.228302 -316.205780 0.000000
323.228302 205.000000 0.000000
-197.244080 205.000000 0.000000
-197.244080 -569.068848 0.000000
71.097168 -569.068848 0.000000
71.097168 -557.257812 39.370079
-185.433075 -557.258118 39.370079
-185.433060 193.188904 39.370079
311.417267 193.189011 39.370079
311.417267 -316.205780 39.370079
323.228302 -316.205780 39.370079
323.228302 205.000000 39.370079
-197.244080 205.000000 39.370079
-197.244080 -569.068848 39.370079
71.097168 -569.068848 39.370079
318.837463 -305.241180 0.000000
302.293884 -312.215607 0.000000
286.047485 -319.820312 0.000000
270.116333 -328.045074 0.000000
254.518494 -336.879456 0.000000
239.272125 -346.313263 0.000000
224.395126 -356.336121 0.000000
209.905640 -366.937622 0.000000
195.837616 -378.094849 0.000000
182.223038 -389.781586 0.000000
169.077316 -401.982147 0.000000
156.415771 -414.681000 0.000000
144.253937 -427.862732 0.000000
132.607132 -441.511597 0.000000
121.490791 -455.612091 0.000000
110.150909 -472.122742 0.000000
98.334549 -491.689880 0.000000
86.851265 -512.273621 0.000000
76.510590 -531.833984 0.000000
68.122108 -548.331421 0.000000
62.495346 -559.725708 0.000000
60.439854 -563.977112 0.000000
71.096985 -569.068848 0.000000
73.116066 -564.887634 0.000000
78.641113 -553.684692 0.000000
86.873840 -537.471252 0.000000
97.015953 -518.257874 0.000000
108.269203 -498.056122 0.000000
119.835197 -478.876617 0.000000
130.915741 -462.730499 0.000000
141.749237 -448.988403 0.000000
153.097061 -435.689575 0.000000
164.945282 -422.847900 0.000000
177.279968 -410.477356 0.000000
190.087280 -398.592072 0.000000
203.353165 -387.205688 0.000000
217.063751 -376.332397 0.000000
231.186096 -365.999481 0.000000
245.685028 -356.231506 0.000000
260.543427 -347.038208 0.000000
275.744049 -338.429199 0.000000
291.269958 -330.414398 0.000000
307.103729 -323.003296 0.000000
323.228271 -316.205719 0.000000
318.837463 -305.241180 39.370079
302.293884 -312.215607 39.370079
286.047485 -319.820312 39.370079
270.116333 -328.045074 39.370079
254.518494 -336.879456 39.370079
239.272125 -346.313263 39.370079
224.395126 -356.336121 39.370079
209.905640 -366.937622 39.370079
195.837616 -378.094849 39.370079
182.223038 -389.781586 39.370079
169.077316 -401.982147 39.370079
156.415771 -414.681000 39.370079
144.253937 -427.862732 39.370079
132.607132 -441.511597 39.370079
121.490791 -455.612091 39.370079
110.150909 -472.122742 39.370079
98.334549 -491.689880 39.370079
86.851265 -512.273621 39.370079
76.510590 -531.833984 39.370079
68.122108 -548.331421 39.370079
62.495346 -559.725708 39.370079
60.439854 -563.977112 39.370079
71.096985 -569.068848 39.370079
73.116066 -564.887634 39.370079
78.641113 -553.684692 39.370079
86.873840 -537.471252 39.370079
97.015953 -518.257874 39.370079
108.269203 -498.056122 39.370079
119.835197 -478.876617 39.370079
130.915741 -462.730499 39.370079
141.749237 -448.988403 39.370079
153.097061 -435.689575 39.370079
164.945282 -422.847900 39.370079
177.279968 -410.477356 39.370079
190.087280 -398.592072 39.370079
203.353165 -387.205688 39.370079
217.063751 -376.332397 39.370079
231.186096 -365.999481 39.370079
245.685028 -356.231506 39.370079
260.543427 -347.038208 39.370079
275.744049 -338.429199 39.370079
291.269958 -330.414398 39.370079
307.103729 -323.003296 39.370079
323.228271 -316.205719 39.370079
</float_array>
          <technique_common>
            <accessor source="#ic_duvar007-POSITION-array" count="108" stride="3">
              <param name="X" type="float"/>
              <param name="Y" type="float"/>
              <param name="Z" type="float"/>
            </accessor>
          </technique_common>
        </source>
        <source id="ic_duvar007-Normal0">
          <float_array id="ic_duvar007-Normal0-array" count="1872">
-0.000001 1.000000 0.000000
-0.000001 1.000000 0.000000
-0.000001 1.000000 0.000000
-0.000001 1.000000 0.000000
-0.000001 1.000000 0.000000
-0.000001 1.000000 0.000000
1.000000 -0.000000 0.000000
1.000000 -0.000000 0.000000
1.000000 -0.000000 0.000000
1.000000 -0.000000 0.000000
1.000000 -0.000000 0.000000
1.000000 -0.000000 0.000000
0.000000 -1.000000 0.000000
0.000000 -1.000000 0.000000
0.000000 -1.000000 0.000000
0.000000 -1.000000 0.000000
0.000000 -1.000000 0.000000
0.000000 -1.000000 0.000000
-1.000000 0.000000 0.000000
-1.000000 0.000000 0.000000
-1.000000 0.000000 0.000000
-1.000000 0.000000 0.000000
-1.000000 0.000000 0.000000
-1.000000 0.000000 0.000000
0.000000 -1.000000 0.000000
0.000000 -1.000000 0.000000
0.000000 -1.000000 0.000000
0.000000 -1.000000 0.000000
0.000000 -1.000000 0.000000
0.000000 -1.000000 0.000000
1.000000 0.000000 0.000000
1.000000 0.000000 0.000000
1.000000 0.000000 0.000000
1.000000 0.000000 0.000000
1.000000 0.000000 0.000000
1.000000 0.000000 0.000000
0.000000 1.000000 0.000000
0.000000 1.000000 0.000000
0.000000 1.000000 0.000000
0.000000 1.000000 0.000000
0.000000 1.000000 0.000000
0.000000 1.000000 0.000000
-1.000000 0.000000 0.000000
-1.000000 0.000000 0.000000
-1.000000 0.000000 0.000000
-1.000000 0.000000 0.000000
-1.000000 0.000000 0.000000
-1.000000 0.000000 0.000000
0.000000 -1.000000 0.000000
0.000000 -1.000000 0.000000
0.000000 -1.000000 0.000000
0.000000 -1.000000 0.000000
0.000000 -1.000000 0.000000
0.000000 -1.000000 0.000000
1.000000 0.000000 0.000000
1.000000 0.000000 0.000000
1.000000 0.000000 0.000000
1.000000 0.000000 0.000000
1.000000 0.000000 0.000000
1.000000 0.000000 0.000000
-0.388469 0.921462 0.000000
-0.406281 0.913748 0.000000
-0.406281 0.913748 0.000000
-0.388469 0.921462 0.000000
-0.406281 0.913748 0.000000
-0.388469 0.921462 0.000000
-0.406281 0.913748 0.000000
-0.441424 0.897299 0.000000
-0.441424 0.897299 0.000000
-0.406281 0.913748 0.000000
-0.441424 0.897299 0.000000
-0.406281 0.913748 0.000000
-0.441424 0.897299 0.000000
-0.475873 0.879514 0.000000
-0.475873 0.879514 0.000000
-0.441424 0.897299 0.000000
-0.475873 0.879514 0.000000
-0.441424 0.897299 0.000000
-0.475873 0.879514 0.000000
-0.509597 0.860413 0.000000
-0.509597 0.860413 0.000000
-0.475873 0.879514 0.000000
-0.509597 0.860413 0.000000
-0.475873 0.879514 0.000000
-0.509597 0.860413 0.000000
-0.542560 0.840017 0.000000
-0.542560 0.840017 0.000000
-0.509597 0.860413 0.000000
-0.542560 0.840017 0.000000
-0.509597 0.860413 0.000000
-0.542560 0.840017 0.000000
-0.574723 0.818348 0.000000
-0.574723 0.818348 0.000000
-0.542560 0.840017 0.000000
-0.574723 0.818348 0.000000
-0.542560 0.840017 0.000000
-0.574723 0.818348 0.000000
-0.606054 0.795424 0.000000
-0.606054 0.795424 0.000000
-0.574723 0.818348 0.000000
-0.606054 0.795424 0.000000
-0.574723 0.818348 0.000000
-0.606054 0.795424 0.000000
-0.636485 0.771289 0.000000
-0.636485 0.771289 0.000000
-0.606054 0.795424 0.000000
-0.636485 0.771289 0.000000
-0.606054 0.795424 0.000000
-0.636485 0.771289 0.000000
-0.665928 0.746016 0.000000
-0.665928 0.746016 0.000000
-0.636485 0.771289 0.000000
-0.665928 0.746016 0.000000
-0.636485 0.771289 0.000000
-0.665928 0.746016 0.000000
-0.694336 0.719651 0.000000
-0.694336 0.719651 0.000000
-0.665928 0.746016 0.000000
-0.694336 0.719651 0.000000
-0.665928 0.746016 0.000000
-0.694336 0.719651 0.000000
-0.721693 0.692214 0.000000
-0.721693 0.692214 0.000000
-0.694336 0.719651 0.000000
-0.721693 0.692214 0.000000
-0.694336 0.719651 0.000000
-0.721693 0.692214 0.000000
-0.747971 0.663732 0.000000
-0.747971 0.663732 0.000000
-0.721693 0.692214 0.000000
-0.747971 0.663732 0.000000
-0.721693 0.692214 0.000000
-0.747971 0.663732 0.000000
-0.773145 0.634229 0.000000
-0.773145 0.634229 0.000000
-0.747971 0.663732 0.000000
-0.773145 0.634229 0.000000
-0.747971 0.663732 0.000000
-0.773145 0.634229 0.000000
-0.805240 0.592949 0.000000
-0.805240 0.592949 0.000000
-0.773145 0.634229 0.000000
-0.805240 0.592949 0.000000
-0.773145 0.634229 0.000000
-0.805240 0.592949 0.000000
-0.840522 0.541777 0.000000
-0.840522 0.541777 0.000000
-0.805240 0.592949 0.000000
-0.840522 0.541777 0.000000
-0.805240 0.592949 0.000000
-0.840522 0.541777 0.000000
-0.864785 0.502142 0.000000
-0.864785 0.502142 0.000000
-0.840522 0.541777 0.000000
-0.864785 0.502142 0.000000
-0.840522 0.541777 0.000000
-0.864785 0.502142 0.000000
-0.878735 0.477310 0.000000
-0.878735 0.477310 0.000000
-0.864785 0.502142 0.000000
-0.878735 0.477310 0.000000
-0.864785 0.502142 0.000000
-0.878735 0.477310 0.000000
-0.887753 0.460319 0.000000
-0.887753 0.460319 0.000000
-0.878735 0.477310 0.000000
-0.887753 0.460319 0.000000
-0.878735 0.477310 0.000000
-0.887753 0.460319 0.000000
-0.894024 0.448019 0.000000
-0.894024 0.448019 0.000000
-0.887753 0.460319 0.000000
-0.894024 0.448019 0.000000
-0.887753 0.460319 0.000000
-0.894024 0.448019 0.000000
-0.898471 0.439032 0.000000
-0.898471 0.439032 0.000000
-0.894024 0.448019 0.000000
-0.898471 0.439032 0.000000
-0.894024 0.448019 0.000000
-0.898471 0.439032 0.000000
-0.900295 0.435280 0.000000
-0.900295 0.435280 0.000000
-0.898471 0.439032 0.000000
-0.900295 0.435280 0.000000
-0.898471 0.439032 0.000000
-0.431100 -0.902304 0.000000
-0.431100 -0.902304 0.000000
-0.431100 -0.902304 0.000000
-0.431100 -0.902304 0.000000
-0.431100 -0.902304 0.000000
-0.431100 -0.902304 0.000000
0.900504 -0.434848 0.000000
0.898690 -0.438584 0.000000
0.898690 -0.438584 0.000000
0.900504 -0.434848 0.000000
0.898690 -0.438584 0.000000
0.900504 -0.434848 0.000000
0.898690 -0.438584 0.000000
0.894265 -0.447538 0.000000
0.894265 -0.447538 0.000000
0.898690 -0.438584 0.000000
0.894265 -0.447538 0.000000
0.898690 -0.438584 0.000000
0.894265 -0.447538 0.000000
0.888023 -0.459799 0.000000
0.888023 -0.459799 0.000000
0.894265 -0.447538 0.000000
0.888023 -0.459799 0.000000
0.894265 -0.447538 0.000000
0.888023 -0.459799 0.000000
0.879034 -0.476758 0.000000
0.879034 -0.476758 0.000000
0.888023 -0.459799 0.000000
0.879034 -0.476758 0.000000
0.888023 -0.459799 0.000000
0.879034 -0.476758 0.000000
0.865102 -0.501596 0.000000
0.865102 -0.501596 0.000000
0.879034 -0.476758 0.000000
0.865102 -0.501596 0.000000
0.879034 -0.476758 0.000000
0.865102 -0.501596 0.000000
0.840793 -0.541357 0.000000
0.840793 -0.541357 0.000000
0.865102 -0.501596 0.000000
0.840793 -0.541357 0.000000
0.865102 -0.501596 0.000000
0.840793 -0.541357 0.000000
0.805356 -0.592792 0.000000
0.805356 -0.592792 0.000000
0.840793 -0.541357 0.000000
0.805356 -0.592792 0.000000
0.840793 -0.541357 0.000000
0.805356 -0.592792 0.000000
0.773153 -0.634219 0.000000
0.773153 -0.634219 0.000000
0.805356 -0.592792 0.000000
0.773153 -0.634219 0.000000
0.805356 -0.592792 0.000000
0.773153 -0.634219 0.000000
0.747973 -0.663729 0.000000
0.747973 -0.663729 0.000000
0.773153 -0.634219 0.000000
0.747973 -0.663729 0.000000
0.773153 -0.634219 0.000000
0.747973 -0.663729 0.000000
0.721684 -0.692223 0.000000
0.721684 -0.692223 0.000000
0.747973 -0.663729 0.000000
0.721684 -0.692223 0.000000
0.747973 -0.663729 0.000000
0.721684 -0.692223 0.000000
0.694311 -0.719675 0.000000
0.694311 -0.719675 0.000000
0.721684 -0.692223 0.000000
0.694311 -0.719675 0.000000
0.721684 -0.692223 0.000000
0.694311 -0.719675 0.000000
0.665893 -0.746047 0.000000
0.665893 -0.746047 0.000000
0.694311 -0.719675 0.000000
0.665893 -0.746047 0.000000
0.694311 -0.719675 0.000000
0.665893 -0.746047 0.000000
0.636460 -0.771310 0.000000
0.636460 -0.771310 0.000000
0.665893 -0.746047 0.000000
0.636460 -0.771310 0.000000
0.665893 -0.746047 0.000000
0.636460 -0.771310 0.000000
0.606046 -0.795429 0.000000
0.606046 -0.795429 0.000000
0.636460 -0.771310 0.000000
0.606046 -0.795429 0.000000
0.636460 -0.771310 0.000000
0.606046 -0.795429 0.000000
0.574721 -0.818350 0.000000
0.574721 -0.818350 0.000000
0.606046 -0.795429 0.000000
0.574721 -0.818350 0.000000
0.606046 -0.795429 0.000000
0.574721 -0.818350 0.000000
0.542548 -0.840025 0.000000
0.542548 -0.840025 0.000000
0.574721 -0.818350 0.000000
0.542548 -0.840025 0.000000
0.574721 -0.818350 0.000000
0.542548 -0.840025 0.000000
0.509580 -0.860424 0.000000
0.509580 -0.860424 0.000000
0.542548 -0.840025 0.000000
0.509580 -0.860424 0.000000
0.542548 -0.840025 0.000000
0.509580 -0.860424 0.000000
0.475848 -0.879527 0.000000
0.475848 -0.879527 0.000000
0.509580 -0.860424 0.000000
0.475848 -0.879527 0.000000
0.509580 -0.860424 0.000000
0.475848 -0.879527 0.000000
0.441396 -0.897312 0.000000
0.441396 -0.897312 0.000000
0.475848 -0.879527 0.000000
0.441396 -0.897312 0.000000
0.475848 -0.879527 0.000000
0.441396 -0.897312 0.000000
0.406266 -0.913755 0.000000
0.406266 -0.913755 0.000000
0.441396 -0.897312 0.000000
0.406266 -0.913755 0.000000
0.441396 -0.897312 0.000000
0.406266 -0.913755 0.000000
0.388460 -0.921466 0.000000
0.388460 -0.921466 0.000000
0.406266 -0.913755 0.000000
0.388460 -0.921466 0.000000
0.406266 -0.913755 0.000000
0.928331 0.371755 0.000000
0.928331 0.371755 0.000000
0.928331 0.371755 0.000000
0.928331 0.371755 0.000000
0.928331 0.371755 0.000000
0.928331 0.371755 0.000000
0.000000 0.000000 -1.000000
0.000000 0.000000 -1.000000
0.000000 0.000000 -1.000000
0.000000 0.000000 -1.000000
0.000000 0.000000 -1.000000
0.000000 0.000000 -1.000000
0.000000 0.000000 -1.000000
0.000000 0.000000 -1.000000
0.000000 0.000000 -1.000000
0.000000 0.000000 -1.000000
0.000000 0.000000 -1.000000
0.000000 0.000000 -1.000000
0.000000 0.000000 -1.000000
0.000000 0.000000 -1.000000
0.000000 0.000000 -1.000000
0.000000 0.000000 -1.000000
0.000000 0.000000 -1.000000
0.000000 0.000000 -1.000000
0.000000 0.000000 -1.000000
0.000000 0.000000 -1.000000
0.000000 0.000000 -1.000000
0.000000 0.000000 -1.000000
0.000000 0.000000 -1.000000
0.000000 0.000000 -1.000000
0.000000 0.000000 -1.000000
0.000000 0.000000 -1.000000
0.000000 0.000000 -1.000000
0.000000 0.000000 -1.000000
0.000000 0.000000 -1.000000
0.000000 0.000000 -1.000000
0.000000 0.000000 -1.000000
0.000000 0.000000 -1.000000
0.000000 0.000000 -1.000000
0.000000 0.000000 -1.000000
0.000000 0.000000 -1.000000
0.000000 0.000000 -1.000000
0.000000 0.000000 -1.000000
0.000000 0.000000 -1.000000
0.000000 0.000000 -1.000000
0.000000 0.000000 -1.000000
0.000000 0.000000 -1.000000
0.000000 0.000000 -1.000000
0.000000 0.000000 -1.000000
0.000000 0.000000 -1.000000
0.000000 0.000000 -1.000000
0.000000 0.000000 -1.000000
0.000000 0.000000 -1.000000
0.000000 0.000000 -1.000000
0.000000 0.000000 -1.000000
0.000000 0.000000 -1.000000
0.000000 0.000000 -1.000000
0.000000 0.000000 -1.000000
0.000000 0.000000 -1.000000
0.000000 0.000000 -1.000000
0.000000 0.000000 -1.000000
0.000000 0.000000 -1.000000
0.000000 0.000000 -1.000000
0.000000 0.000000 -1.000000
0.000000 0.000000 -1.000000
0.000000 0.000000 -1.000000
0.000000 0.000000 -1.000000
0.000000 0.000000 -1.000000
0.000000 0.000000 -1.000000
0.000000 0.000000 -1.000000
0.000000 0.000000 -1.000000
0.000000 0.000000 -1.000000
0.000000 0.000000 -1.000000
0.000000 0.000000 -1.000000
0.000000 0.000000 -1.000000
0.000000 0.000000 -1.000000
0.000000 0.000000 -1.000000
0.000000 0.000000 -1.000000
0.000000 0.000000 -1.000000
0.000000 0.000000 -1.000000
0.000000 0.000000 -1.000000
0.000000 0.000000 -1.000000
0.000000 0.000000 -1.000000
0.000000 0.000000 -1.000000
0.000000 0.000000 -1.000000
0.000000 0.000000 -1.000000
0.000000 0.000000 -1.000000
0.000000 0.000000 -1.000000
0.000000 0.000000 -1.000000
0.000000 0.000000 -1.000000
0.000000 0.000000 -1.000000
0.000000 0.000000 -1.000000
0.000000 0.000000 -1.000000
0.000000 0.000000 -1.000000
0.000000 0.000000 -1.000000
0.000000 0.000000 -1.000000
0.000000 0.000000 -1.000000
0.000000 0.000000 -1.000000
0.000000 0.000000 -1.000000
0.000000 0.000000 -1.000000
0.000000 0.000000 -1.000000
0.000000 0.000000 -1.000000
0.000000 0.000000 -1.000000
0.000000 0.000000 -1.000000
0.000000 0.000000 -1.000000
0.000000 0.000000 -1.000000
0.000000 0.000000 -1.000000
0.000000 0.000000 -1.000000
0.000000 0.000000 -1.000000
0.000000 0.000000 -1.000000
0.000000 0.000000 -1.000000
0.000000 0.000000 -1.000000
0.000000 0.000000 -1.000000
0.000000 0.000000 -1.000000
0.000000 0.000000 -1.000000
0.000000 0.000000 -1.000000
0.000000 0.000000 -1.000000
0.000000 0.000000 -1.000000
0.000000 0.000000 -1.000000
0.000000 0.000000 -1.000000
0.000000 0.000000 -1.000000
0.000000 0.000000 -1.000000
0.000000 0.000000 -1.000000
0.000000 0.000000 -1.000000
0.000000 0.000000 -1.000000
0.000000 0.000000 -1.000000
0.000000 0.000000 -1.000000
0.000000 0.000000 -1.000000
0.000000 0.000000 -1.000000
0.000000 0.000000 -1.000000
0.000000 0.000000 -1.000000
0.000000 0.000000 -1.000000
0.000000 0.000000 -1.000000
0.000000 0.000000 -1.000000
0.000000 0.000000 -1.000000
0.000000 0.000000 -1.000000
0.000000 0.000000 -1.000000
0.000000 0.000000 -1.000000
0.000000 0.000000 -1.000000
0.000000 0.000000 -1.000000
0.000000 0.000000 -1.000000
0.000000 0.000000 -1.000000
0.000000 0.000000 -1.000000
0.000000 0.000000 -1.000000
0.000000 0.000000 -1.000000
0.000000 0.000000 -1.000000
0.000000 0.000000 -1.000000
0.000000 0.000000 -1.000000
0.000000 0.000000 -1.000000
0.000000 0.000000 -1.000000
0.000000 0.000000 -1.000000
0.000000 0.000000 -1.000000
0.000000 0.000000 -1.000000
0.000000 0.000000 -1.000000
0.000000 0.000000 -1.000000
0.000000 0.000000 -1.000000
0.000000 0.000000 1.000000
0.000000 0.000000 1.000000
0.000000 0.000000 1.000000
0.000000 0.000000 1.000000
0.000000 0.000000 1.000000
0.000000 0.000000 1.000000
0.000000 0.000000 1.000000
0.000000 0.000000 1.000000
0.000000 0.000000 1.000000
0.000000 0.000000 1.000000
0.000000 0.000000 1.000000
0.000000 0.000000 1.000000
0.000000 0.000000 1.000000
0.000000 0.000000 1.000000
0.000000 0.000000 1.000000
0.000000 0.000000 1.000000
0.000000 0.000000 1.000000
0.000000 0.000000 1.000000
0.000000 0.000000 1.000000
0.000000 0.000000 1.000000
0.000000 0.000000 1.000000
0.000000 0.000000 1.000000
0.000000 0.000000 1.000000
0.000000 0.000000 1.000000
0.000000 0.000000 1.000000
0.000000 0.000000 1.000000
0.000000 0.000000 1.000000
0.000000 0.000000 1.000000
0.000000 0.000000 1.000000
0.000000 0.000000 1.000000
0.000000 0.000000 1.000000
0.000000 0.000000 1.000000
0.000000 0.000000 1.000000
0.000000 0.000000 1.000000
0.000000 0.000000 1.000000
0.000000 0.000000 1.000000
0.000000 0.000000 1.000000
0.000000 0.000000 1.000000
0.000000 0.000000 1.000000
0.000000 0.000000 1.000000
0.000000 0.000000 1.000000
0.000000 0.000000 1.000000
0.000000 0.000000 1.000000
0.000000 0.000000 1.000000
0.000000 0.000000 1.000000
0.000000 0.000000 1.000000
0.000000 0.000000 1.000000
0.000000 0.000000 1.000000
0.000000 0.000000 1.000000
0.000000 0.000000 1.000000
0.000000 0.000000 1.000000
0.000000 0.000000 1.000000
0.000000 0.000000 1.000000
0.000000 0.000000 1.000000
0.000000 0.000000 1.000000
0.000000 0.000000 1.000000
0.000000 0.000000 1.000000
0.000000 0.000000 1.000000
0.000000 0.000000 1.000000
0.000000 0.000000 1.000000
0.000000 0.000000 1.000000
0.000000 0.000000 1.000000
0.000000 0.000000 1.000000
0.000000 0.000000 1.000000
0.000000 0.000000 1.000000
0.000000 0.000000 1.000000
0.000000 0.000000 1.000000
0.000000 0.000000 1.000000
0.000000 0.000000 1.000000
0.000000 0.000000 1.000000
0.000000 0.000000 1.000000
0.000000 0.000000 1.000000
0.000000 0.000000 1.000000
0.000000 0.000000 1.000000
0.000000 0.000000 1.000000
0.000000 0.000000 1.000000
0.000000 0.000000 1.000000
0.000000 0.000000 1.000000
0.000000 0.000000 1.000000
0.000000 0.000000 1.000000
0.000000 0.000000 1.000000
0.000000 0.000000 1.000000
0.000000 0.000000 1.000000
0.000000 0.000000 1.000000
0.000000 0.000000 1.000000
0.000000 0.000000 1.000000
0.000000 0.000000 1.000000
0.000000 0.000000 1.000000
0.000000 0.000000 1.000000
0.000000 0.000000 1.000000
0.000000 0.000000 1.000000
0.000000 0.000000 1.000000
0.000000 0.000000 1.000000
0.000000 0.000000 1.000000
0.000000 0.000000 1.000000
0.000000 0.000000 1.000000
0.000000 0.000000 1.000000
0.000000 0.000000 1.000000
0.000000 0.000000 1.000000
0.000000 0.000000 1.000000
0.000000 0.000000 1.000000
0.000000 0.000000 1.000000
0.000000 0.000000 1.000000
0.000000 0.000000 1.000000
0.000000 0.000000 1.000000
0.000000 0.000000 1.000000
0.000000 0.000000 1.000000
0.000000 0.000000 1.000000
0.000000 0.000000 1.000000
0.000000 0.000000 1.000000
0.000000 0.000000 1.000000
0.000000 0.000000 1.000000
0.000000 0.000000 1.000000
0.000000 0.000000 1.000000
0.000000 0.000000 1.000000
0.000000 0.000000 1.000000
0.000000 0.000000 1.000000
0.000000 0.000000 1.000000
0.000000 0.000000 1.000000
0.000000 0.000000 1.000000
0.000000 0.000000 1.000000
0.000000 0.000000 1.000000
0.000000 0.000000 1.000000
0.000000 0.000000 1.000000
0.000000 0.000000 1.000000
0.000000 0.000000 1.000000
0.000000 0.000000 1.000000
0.000000 0.000000 1.000000
0.000000 0.000000 1.000000
0.000000 0.000000 1.000000
0.000000 0.000000 1.000000
0.000000 0.000000 1.000000
0.000000 0.000000 1.000000
0.000000 0.000000 1.000000
0.000000 0.000000 1.000000
0.000000 0.000000 1.000000
0.000000 0.000000 1.000000
0.000000 0.000000 1.000000
0.000000 0.000000 1.000000
0.000000 0.000000 1.000000
0.000000 0.000000 1.000000
0.000000 0.000000 1.000000
0.000000 0.000000 1.000000
0.000000 0.000000 1.000000
0.000000 0.000000 1.000000
0.000000 0.000000 1.000000
0.000000 0.000000 1.000000
0.000000 0.000000 1.000000
0.000000 0.000000 1.000000
0.000000 0.000000 1.000000
</float_array>
          <technique_common>
            <accessor source="#ic_duvar007-Normal0-array" count="624" stride="3">
              <param name="X" type="float"/>
              <param name="Y" type="float"/>
              <param name="Z" type="float"/>
            </accessor>
          </technique_common>
        </source>
        <vertices id="ic_duvar007-VERTEX">
          <input semantic="POSITION" source="#ic_duvar007-POSITION"/>
        </vertices>
        <triangles count="208">
          <input semantic="VERTEX" offset="0" source="#ic_duvar007-VERTEX"/>
          <input semantic="NORMAL" offset="1" source="#ic_duvar007-Normal0"/>
          <p> 0 0 1 1 11 2 0 3 11 4 10 5 1 6 2 7 12 8 1 9 12 10 11 11 2 12 3 13 13 14 2 15 13 16 12 17 3 18 4 19 14 20 3 21 14 22 13 23 4 24 5 25 15 26 4 27 15 28 14 29 5 30 6 31 16 32 5 33 16 34 15 35 6 36 7 37 17 38 6 39 17 40 16 41 7 42 8 43 18 44 7 45 18 46 17 47 8 48 9 49 19 50 8 51 19 52 18 53 9 54 0 55 10 56 9 57 10 58 19 59 20 60 21 61 65 62 20 63 65 64 64 65 21 66 22 67 66 68 21 69 66 70 65 71 22 72 23 73 67 74 22 75 67 76 66 77 23 78 24 79 68 80 23 81 68 82 67 83 24 84 25 85 69 86 24 87 69 88 68 89 25 90 26 91 70 92 25 93 70 94 69 95 26 96 27 97 71 98 26 99 71 100 70 101 27 102 28 103 72 104 27 105 72 106 71 107 28 108 29 109 73 110 28 111 73 112 72 113 29 114 30 115 74 116 29 117 74 118 73 119 30 120 31 121 75 122 30 123 75 124 74 125 31 126 32 127 76 128 31 129 76 130 75 131 32 132 33 133 77 134 32 135 77 136 76 137 33 138 34 139 78 140 33 141 78 142 77 143 34 144 35 145 79 146 34 147 79 148 78 149 35 150 36 151 80 152 35 153 80 154 79 155 36 156 37 157 81 158 36 159 81 160 80 161 37 162 38 163 82 164 37 165 82 166 81 167 38 168 39 169 83 170 38 171 83 172 82 173 39 174 40 175 84 176 39 177 84 178 83 179 40 180 41 181 85 182 40 183 85 184 84 185 41 186 42 187 86 188 41 189 86 190 85 191 42 192 43 193 87 194 42 195 87 196 86 197 43 198 44 199 88 200 43 201 88 202 87 203 44 204 45 205 89 206 44 207 89 208 88 209 45 210 46 211 90 212 45 213 90 214 89 215 46 216 47 217 91 218 46 219 91 220 90 221 47 222 48 223 92 224 47 225 92 226 91 227 48 228 49 229 93 230 48 231 93 232 92 233 49 234 50 235 94 236 49 237 94 238 93 239 50 240 51 241 95 242 50 243 95 244 94 245 51 246 52 247 96 248 51 249 96 250 95 251 52 252 53 253 97 254 52 255 97 256 96 257 53 258 54 259 98 260 53 261 98 262 97 263 54 264 55 265 99 266 54 267 99 268 98 269 55 270 56 271 100 272 55 273 100 274 99 275 56 276 57 277 101 278 56 279 101 280 100 281 57 282 58 283 102 284 57 285 102 286 101 287 58 288 59 289 103 290 58 291 103 292 102 293 59 294 60 295 104 296 59 297 104 298 103 299 60 300 61 301 105 302 60 303 105 304 104 305 61 306 62 307 106 308 61 309 106 310 105 311 62 312 63 313 107 314 62 315 107 316 106 317 63 318 20 319 64 320 63 321 64 322 107 323 9 324 1 325 0 326 8 327 1 328 9 329 7 330 1 331 8 332 7 333 2 334 1 335 6 336 2 337 7 338 6 339 3 340 2 341 5 342 3 343 6 344 5 345 4 346 3 347 63 348 21 349 20 350 62 351 21 352 63 353 62 354 22 355 21 356 61 357 22 358 62 359 61 360 23 361 22 362 60 363 23 364 61 365 60 366 24 367 23 368 59 369 24 370 60 371 59 372 25 373 24 374 58 375 25 376 59 377 58 378 26 379 25 380 57 381 26 382 58 383 57 384 27 385 26 386 56 387 27 388 57 389 56 390 28 391 27 392 55 393 28 394 56 395 55 396 29 397 28 398 54 399 29 400 55 401 54 402 30 403 29 404 53 405 30 406 54 407 53 408 31 409 30 410 52 411 31 412 53 413 52 414 32 415 31 416 51 417 32 418 52 419 51 420 33 421 32 422 50 423 33 424 51 425 50 426 34 427 33 428 49 429 34 430 50 431 49 432 35 433 34 434 48 435 35 436 49 437 48 438 36 439 35 440 47 441 36 442 48 443 47 444 37 445 36 446 46 447 37 448 47 449 46 450 38 451 37 452 45 453 38 454 46 455 45 456 39 457 38 458 44 459 39 460 45 461 44 462 40 463 39 464 43 465 40 466 44 467 40 468 42 469 41 470 43 471 42 472 40 473 19 474 10 475 11 476 18 477 19 478 11 479 17 480 18 481 11 482 17 483 11 484 12 485 16 486 17 487 12 488 16 489 12 490 13 491 15 492 16 493 13 494 15 495 13 496 14 497 107 498 64 499 65 500 106 501 107 502 65 503 106 504 65 505 66 506 105 507 106 508 66 509 105 510 66 511 67 512 104 513 105 514 67 515 104 516 67 517 68 518 103 519 104 520 68 521 103 522 68 523 69 524 102 525 103 526 69 527 102 528 69 529 70 530 101 531 102 532 70 533 101 534 70 535 71 536 100 537 101 538 71 539 100 540 71 541 72 542 99 543 100 544 72 545 99 546 72 547 73 548 98 549 99 550 73 551 98 552 73 553 74 554 97 555 98 556 74 557 97 558 74 559 75 560 96 561 97 562 75 563 96 564 75 565 76 566 95 567 96 568 76 569 95 570 76 571 77 572 94 573 95 574 77 575 94 576 77 577 78 578 93 579 94 580 78 581 93 582 78 583 79 584 92 585 93 586 79 587 92 588 79 589 80 590 91 591 92 592 80 593 91 594 80 595 81 596 90 597 91 598 81 599 90 600 81 601 82 602 89 603 90 604 82 605 89 606 82 607 83 608 88 609 89 610 83 611 88 612 83 613 84 614 87 615 88 616 84 617 84 618 85 619 86 620 87 621 84 622 86 623</p>
        </triangles>
      </mesh>
    </geometry>
    <geometry id="ic_duvar009-lib" name="ic_duvar009Mesh">
      <mesh>
        <source id="ic_duvar009-POSITION">
          <float_array id="ic_duvar009-POSITION-array" count="384">
-219.304504 -160.288681 0.000000
-217.528534 -161.033173 0.000000
-215.138000 -162.051163 0.000000
-212.598724 -163.160324 0.000000
-210.376694 -164.178329 0.000000
-208.937668 -164.922821 0.000000
-208.747513 -165.211502 0.000000
-98.189011 -44.594288 0.000000
-98.189011 295.432281 0.000000
-148.070923 338.188965 0.000000
317.874023 338.188965 0.000000
317.873962 -389.999969 0.000000
19.999969 -389.999969 0.000000
19.999969 -401.811005 0.000000
329.684998 -401.811005 0.000000
329.684998 350.000000 0.000000
-180.000031 350.000000 0.000000
-110.000031 290.000000 0.000000
-110.000031 -40.000000 0.000000
-220.000031 -160.000000 0.000000
-219.304504 -160.288681 39.370079
-217.528534 -161.033173 39.370079
-215.138000 -162.051163 39.370079
-212.598724 -163.160324 39.370079
-210.376694 -164.178329 39.370079
-208.937668 -164.922821 39.370079
-208.747513 -165.211502 39.370079
-98.189011 -44.594288 39.370079
-98.189011 295.432281 39.370079
-148.070923 338.188965 39.370079
317.874023 338.188965 39.370079
317.873962 -389.999969 39.370079
19.999969 -389.999969 39.370079
19.999969 -401.811005 39.370079
329.684998 -401.811005 39.370079
329.684998 350.000000 39.370079
-180.000031 350.000000 39.370079
-110.000031 290.000000 39.370079
-110.000031 -40.000000 39.370079
-220.000031 -160.000000 39.370079
30.570004 -396.540771 0.000000
23.045776 -381.399536 0.000000
15.017860 -365.411194 0.000000
6.492596 -349.010498 0.000000
-2.523677 -332.632385 0.000000
-12.024617 -316.711761 0.000000
-22.003878 -301.683350 0.000000
-32.455116 -287.981995 0.000000
-43.217648 -275.420715 0.000000
-54.380547 -263.224640 0.000000
-65.933334 -251.403870 0.000000
-77.865524 -239.968414 0.000000
-90.166679 -228.928574 0.000000
-102.826248 -218.294250 0.000000
-115.833817 -208.075607 0.000000
-128.836395 -198.289734 0.000000
-141.620026 -188.951599 0.000000
-154.382507 -180.068176 0.000000
-167.321716 -171.646454 0.000000
-180.635529 -163.693573 0.000000
-194.521759 -156.216431 0.000000
-209.178253 -149.222107 0.000000
-219.999985 -160.000000 0.000000
-205.359512 -166.831787 0.000000
-190.960556 -174.134506 0.000000
-176.814224 -181.901596 0.000000
-162.931580 -190.126404 0.000000
-149.323776 -198.802460 0.000000
-136.001877 -207.923111 0.000000
-122.976929 -217.481781 0.000000
-110.272217 -227.462097 0.000000
-97.909714 -237.846161 0.000000
-85.898758 -248.625000 0.000000
-74.248642 -259.789642 0.000000
-62.968704 -271.331329 0.000000
-52.068218 -283.240936 0.000000
-41.556519 -295.509644 0.000000
-31.452480 -308.770447 0.000000
-21.773460 -323.379639 0.000000
-12.526496 -338.913269 0.000000
-3.718628 -354.947144 0.000000
4.643105 -371.057526 0.000000
12.551660 -386.820129 0.000000
20.000000 -401.811005 0.000000
30.570004 -396.540771 39.370079
23.045776 -381.399536 39.370079
15.017860 -365.411194 39.370079
6.492596 -349.010498 39.370079
-2.523677 -332.632385 39.370079
-12.024617 -316.711761 39.370079
-22.003878 -301.683350 39.370079
-32.455116 -287.981995 39.370079
-43.217648 -275.420715 39.370079
-54.380547 -263.224640 39.370079
-65.933334 -251.403870 39.370079
-77.865524 -239.968414 39.370079
-90.166679 -228.928574 39.370079
-102.826248 -218.294250 39.370079
-115.833817 -208.075607 39.370079
-128.836395 -198.289734 39.370079
-141.620026 -188.951599 39.370079
-154.382507 -180.068176 39.370079
-167.321716 -171.646454 39.370079
-180.635529 -163.693573 39.370079
-194.521759 -156.216431 39.370079
-209.178253 -149.222107 39.370079
-219.999985 -160.000000 39.370079
-205.359512 -166.831787 39.370079
-190.960556 -174.134506 39.370079
-176.814224 -181.901596 39.370079
-162.931580 -190.126404 39.370079
-149.323776 -198.802460 39.370079
-136.001877 -207.923111 39.370079
-122.976929 -217.481781 39.370079
-110.272217 -227.462097 39.370079
-97.909714 -237.846161 39.370079
-85.898758 -248.625000 39.370079
-74.248642 -259.789642 39.370079
-62.968704 -271.331329 39.370079
-52.068218 -283.240936 39.370079
-41.556519 -295.509644 39.370079
-31.452480 -308.770447 39.370079
-21.773460 -323.379639 39.370079
-12.526496 -338.913269 39.370079
-3.718628 -354.947144 39.370079
4.643105 -371.057526 39.370079
12.551660 -386.820129 39.370079
20.000000 -401.811005 39.370079
</float_array>
          <technique_common>
            <accessor source="#ic_duvar009-POSITION-array" count="128" stride="3">
              <param name="X" type="float"/>
              <param name="Y" type="float"/>
              <param name="Z" type="float"/>
            </accessor>
          </technique_common>
        </source>
        <source id="ic_duvar009-Normal0">
          <float_array id="ic_duvar009-Normal0-array" count="2232">
-0.384977 -0.922926 0.000000
-0.389204 -0.921152 0.000000
-0.389204 -0.921152 0.000000
-0.384977 -0.922926 0.000000
-0.389204 -0.921152 0.000000
-0.384977 -0.922926 0.000000
-0.389204 -0.921152 0.000000
-0.396044 -0.918232 0.000000
-0.396044 -0.918232 0.000000
-0.389204 -0.921152 0.000000
-0.396044 -0.918232 0.000000
-0.389204 -0.921152 0.000000
-0.396044 -0.918232 0.000000
-0.408413 -0.912797 0.000000
-0.408413 -0.912798 0.000000
-0.396044 -0.918232 0.000000
-0.408413 -0.912798 0.000000
-0.396044 -0.918232 0.000000
-0.408413 -0.912797 0.000000
-0.438133 -0.898910 0.000000
-0.438133 -0.898910 0.000000
-0.408413 -0.912797 0.000000
-0.438133 -0.898910 0.000000
-0.408413 -0.912798 0.000000
-0.438133 -0.898910 0.000000
-0.669015 -0.743249 0.000000
-0.669015 -0.743249 0.000000
-0.438133 -0.898910 0.000000
-0.669015 -0.743249 0.000000
-0.438133 -0.898910 0.000000
-0.669015 -0.743249 0.000000
-0.835107 -0.550088 0.000000
-0.835107 -0.550087 0.000000
-0.669015 -0.743249 0.000000
-0.835107 -0.550087 0.000000
-0.669015 -0.743249 0.000000
0.737176 -0.675700 0.000000
0.737176 -0.675700 0.000000
0.737176 -0.675700 0.000000
0.737176 -0.675700 0.000000
0.737176 -0.675700 0.000000
0.737176 -0.675700 0.000000
1.000000 0.000000 0.000000
1.000000 0.000000 0.000000
1.000000 0.000000 0.000000
1.000000 0.000000 0.000000
1.000000 0.000000 0.000000
1.000000 0.000000 0.000000
0.650798 0.759251 0.000000
0.650798 0.759251 0.000000
0.650798 0.759251 0.000000
0.650798 0.759251 0.000000
0.650798 0.759251 0.000000
0.650798 0.759251 0.000000
0.000000 -1.000000 0.000000
0.000000 -1.000000 0.000000
0.000000 -1.000000 0.000000
0.000000 -1.000000 0.000000
0.000000 -1.000000 0.000000
0.000000 -1.000000 0.000000
-1.000000 0.000000 0.000000
-1.000000 0.000000 0.000000
-1.000000 0.000000 0.000000
-1.000000 0.000000 0.000000
-1.000000 0.000000 0.000000
-1.000000 0.000000 0.000000
0.000000 1.000000 0.000000
0.000000 1.000000 0.000000
0.000000 1.000000 0.000000
0.000000 1.000000 0.000000
0.000000 1.000000 0.000000
0.000000 1.000000 0.000000
-1.000000 0.000000 0.000000
-1.000000 0.000000 0.000000
-1.000000 0.000000 0.000000
-1.000000 0.000000 0.000000
-1.000000 0.000000 0.000000
-1.000000 0.000000 0.000000
0.000000 -1.000000 0.000000
0.000000 -1.000000 0.000000
0.000000 -1.000000 0.000000
0.000000 -1.000000 0.000000
0.000000 -1.000000 0.000000
0.000000 -1.000000 0.000000
1.000000 0.000000 0.000000
1.000000 0.000000 0.000000
1.000000 0.000000 0.000000
1.000000 0.000000 0.000000
1.000000 0.000000 0.000000
1.000000 0.000000 0.000000
0.000000 1.000000 0.000000
0.000000 1.000000 0.000000
0.000000 1.000000 0.000000
0.000000 1.000000 0.000000
0.000000 1.000000 0.000000
0.000000 1.000000 0.000000
-0.650791 -0.759257 0.000000
-0.650791 -0.759257 0.000000
-0.650791 -0.759257 0.000000
-0.650791 -0.759257 0.000000
-0.650791 -0.759257 0.000000
-0.650791 -0.759257 0.000000
-1.000000 0.000000 0.000000
-1.000000 0.000000 0.000000
-1.000000 0.000000 0.000000
-1.000000 0.000000 0.000000
-1.000000 0.000000 0.000000
-1.000000 0.000000 0.000000
-0.737154 0.675725 0.000000
-0.737154 0.675725 0.000000
-0.737154 0.675725 0.000000
-0.737154 0.675725 0.000000
-0.737154 0.675725 0.000000
-0.737154 0.675725 0.000000
-0.383346 -0.923605 0.000000
-0.384977 -0.922926 0.000000
-0.384977 -0.922926 0.000000
-0.383346 -0.923605 0.000000
-0.384977 -0.922926 0.000000
-0.383346 -0.923605 0.000000
0.895522 0.445017 0.000000
0.894599 0.446871 0.000000
0.894599 0.446871 0.000000
0.895522 0.445017 0.000000
0.894599 0.446871 0.000000
0.895522 0.445017 0.000000
0.894599 0.446871 0.000000
0.890500 0.454983 0.000000
0.890500 0.454983 0.000000
0.894599 0.446871 0.000000
0.890500 0.454983 0.000000
0.894599 0.446871 0.000000
0.890500 0.454983 0.000000
0.881720 0.471774 0.000000
0.881720 0.471774 0.000000
0.890500 0.454983 0.000000
0.881720 0.471774 0.000000
0.890500 0.454983 0.000000
0.881720 0.471774 0.000000
0.867503 0.497433 0.000000
0.867503 0.497433 0.000000
0.881720 0.471774 0.000000
0.867503 0.497433 0.000000
0.881720 0.471774 0.000000
0.867503 0.497433 0.000000
0.846134 0.532970 0.000000
0.846134 0.532970 0.000000
0.867503 0.497433 0.000000
0.846134 0.532970 0.000000
0.867503 0.497433 0.000000
0.846134 0.532970 0.000000
0.814515 0.580143 0.000000
0.814515 0.580143 0.000000
0.846134 0.532970 0.000000
0.814515 0.580143 0.000000
0.846134 0.532970 0.000000
0.814515 0.580143 0.000000
0.777552 0.628819 0.000000
0.777552 0.628819 0.000000
0.814515 0.580143 0.000000
0.777552 0.628819 0.000000
0.814515 0.580143 0.000000
0.777552 0.628819 0.000000
0.748623 0.662996 0.000000
0.748623 0.662996 0.000000
0.777552 0.628819 0.000000
0.748623 0.662996 0.000000
0.777552 0.628819 0.000000
0.748623 0.662996 0.000000
0.726511 0.687154 0.000000
0.726511 0.687154 0.000000
0.748623 0.662996 0.000000
0.726511 0.687154 0.000000
0.748623 0.662996 0.000000
0.726511 0.687154 0.000000
0.703637 0.710559 0.000000
0.703637 0.710559 0.000000
0.726511 0.687154 0.000000
0.703637 0.710559 0.000000
0.726511 0.687154 0.000000
0.703637 0.710559 0.000000
0.680011 0.733202 0.000000
0.680011 0.733202 0.000000
0.703637 0.710559 0.000000
0.680011 0.733202 0.000000
0.703637 0.710559 0.000000
0.680011 0.733202 0.000000
0.655650 0.755065 0.000000
0.655650 0.755065 0.000000
0.680011 0.733202 0.000000
0.655650 0.755065 0.000000
0.680011 0.733202 0.000000
0.655650 0.755065 0.000000
0.630567 0.776135 0.000000
0.630567 0.776135 0.000000
0.655650 0.755065 0.000000
0.630567 0.776135 0.000000
0.655650 0.755065 0.000000
0.630567 0.776135 0.000000
0.609581 0.792724 0.000000
0.609581 0.792724 0.000000
0.630567 0.776135 0.000000
0.609581 0.792724 0.000000
0.630567 0.776135 0.000000
0.609581 0.792724 0.000000
0.595613 0.803271 0.000000
0.595613 0.803271 0.000000
0.609581 0.792724 0.000000
0.595613 0.803271 0.000000
0.609581 0.792724 0.000000
0.595613 0.803271 0.000000
0.580613 0.814180 0.000000
0.580613 0.814179 0.000000
0.595613 0.803271 0.000000
0.580613 0.814179 0.000000
0.595613 0.803271 0.000000
0.580613 0.814180 0.000000
0.558462 0.829530 0.000000
0.558462 0.829530 0.000000
0.580613 0.814180 0.000000
0.558462 0.829530 0.000000
0.580613 0.814179 0.000000
0.558462 0.829530 0.000000
0.529256 0.848462 0.000000
0.529256 0.848462 0.000000
0.558462 0.829530 0.000000
0.529256 0.848462 0.000000
0.558462 0.829530 0.000000
0.529256 0.848462 0.000000
0.493579 0.869701 0.000000
0.493579 0.869701 0.000000
0.529256 0.848462 0.000000
0.493579 0.869701 0.000000
0.529256 0.848462 0.000000
0.493579 0.869701 0.000000
0.452527 0.891751 0.000000
0.452527 0.891751 0.000000
0.493579 0.869701 0.000000
0.452527 0.891751 0.000000
0.493579 0.869701 0.000000
0.452527 0.891751 0.000000
0.430688 0.902501 0.000000
0.430688 0.902501 0.000000
0.452527 0.891751 0.000000
0.430688 0.902501 0.000000
0.452527 0.891751 0.000000
-0.705670 0.708540 0.000000
-0.705670 0.708540 0.000000
-0.705670 0.708540 0.000000
-0.705670 0.708540 0.000000
-0.705670 0.708540 0.000000
-0.705670 0.708540 0.000000
-0.422863 -0.906193 0.000000
-0.437651 -0.899145 0.000000
-0.437651 -0.899145 0.000000
-0.422863 -0.906193 0.000000
-0.437651 -0.899145 0.000000
-0.422863 -0.906193 0.000000
-0.437651 -0.899145 0.000000
-0.466864 -0.884329 0.000000
-0.466864 -0.884329 0.000000
-0.437651 -0.899145 0.000000
-0.466864 -0.884329 0.000000
-0.437651 -0.899145 0.000000
-0.466864 -0.884329 0.000000
-0.495564 -0.868572 0.000000
-0.495564 -0.868572 0.000000
-0.466864 -0.884329 0.000000
-0.495564 -0.868572 0.000000
-0.466864 -0.884329 0.000000
-0.495564 -0.868572 0.000000
-0.523729 -0.851885 0.000000
-0.523729 -0.851885 0.000000
-0.495564 -0.868572 0.000000
-0.523729 -0.851885 0.000000
-0.495564 -0.868572 0.000000
-0.523729 -0.851885 0.000000
-0.551338 -0.834282 0.000000
-0.551338 -0.834282 0.000000
-0.523729 -0.851885 0.000000
-0.551338 -0.834282 0.000000
-0.523729 -0.851885 0.000000
-0.551338 -0.834282 0.000000
-0.578363 -0.815780 0.000000
-0.578363 -0.815780 0.000000
-0.551338 -0.834282 0.000000
-0.578363 -0.815780 0.000000
-0.551338 -0.834282 0.000000
-0.578363 -0.815780 0.000000
-0.604778 -0.796394 0.000000
-0.604778 -0.796394 0.000000
-0.578363 -0.815780 0.000000
-0.604778 -0.796394 0.000000
-0.578363 -0.815780 0.000000
-0.604778 -0.796394 0.000000
-0.630546 -0.776152 0.000000
-0.630546 -0.776152 0.000000
-0.604778 -0.796394 0.000000
-0.630546 -0.776152 0.000000
-0.604778 -0.796394 0.000000
-0.630546 -0.776152 0.000000
-0.655627 -0.755085 0.000000
-0.655627 -0.755085 0.000000
-0.630546 -0.776152 0.000000
-0.655627 -0.755085 0.000000
-0.630546 -0.776152 0.000000
-0.655627 -0.755085 0.000000
-0.679994 -0.733218 0.000000
-0.679994 -0.733218 0.000000
-0.655627 -0.755085 0.000000
-0.679994 -0.733218 0.000000
-0.655627 -0.755085 0.000000
-0.679994 -0.733218 0.000000
-0.703631 -0.710566 0.000000
-0.703631 -0.710566 0.000000
-0.679994 -0.733218 0.000000
-0.703631 -0.710566 0.000000
-0.679994 -0.733218 0.000000
-0.703631 -0.710566 0.000000
-0.726516 -0.687149 0.000000
-0.726516 -0.687149 0.000000
-0.703631 -0.710566 0.000000
-0.726516 -0.687149 0.000000
-0.703631 -0.710566 0.000000
-0.726516 -0.687149 0.000000
-0.748629 -0.662989 0.000000
-0.748629 -0.662989 0.000000
-0.726516 -0.687149 0.000000
-0.748629 -0.662989 0.000000
-0.726516 -0.687149 0.000000
-0.748629 -0.662989 0.000000
-0.777722 -0.628609 0.000000
-0.777722 -0.628609 0.000000
-0.748629 -0.662989 0.000000
-0.777722 -0.628609 0.000000
-0.748629 -0.662989 0.000000
-0.777722 -0.628609 0.000000
-0.814970 -0.579503 0.000000
-0.814970 -0.579503 0.000000
-0.777722 -0.628609 0.000000
-0.814970 -0.579503 0.000000
-0.777722 -0.628609 0.000000
-0.814970 -0.579503 0.000000
-0.846702 -0.532067 0.000000
-0.846702 -0.532067 0.000000
-0.814970 -0.579503 0.000000
-0.846702 -0.532067 0.000000
-0.814970 -0.579503 0.000000
-0.846702 -0.532067 0.000000
-0.867999 -0.496565 0.000000
-0.867999 -0.496565 0.000000
-0.846702 -0.532067 0.000000
-0.867999 -0.496565 0.000000
-0.846702 -0.532067 0.000000
-0.867999 -0.496565 0.000000
-0.882078 -0.471103 0.000000
-0.882078 -0.471103 0.000000
-0.867999 -0.496565 0.000000
-0.882078 -0.471103 0.000000
-0.867999 -0.496565 0.000000
-0.882078 -0.471103 0.000000
-0.890710 -0.454572 0.000000
-0.890710 -0.454572 0.000000
-0.882078 -0.471103 0.000000
-0.890710 -0.454572 0.000000
-0.882078 -0.471103 0.000000
-0.890710 -0.454572 0.000000
-0.894681 -0.446706 0.000000
-0.894681 -0.446706 0.000000
-0.890710 -0.454572 0.000000
-0.894681 -0.446706 0.000000
-0.890710 -0.454572 0.000000
-0.894681 -0.446706 0.000000
-0.895550 -0.444961 0.000000
-0.895550 -0.444961 0.000000
-0.894681 -0.446706 0.000000
-0.895550 -0.444961 0.000000
-0.894681 -0.446706 0.000000
0.446213 -0.894927 0.000000
0.446213 -0.894927 0.000000
0.446213 -0.894927 0.000000
0.446213 -0.894927 0.000000
0.446213 -0.894927 0.000000
0.446213 -0.894927 0.000000
0.000000 0.000000 -1.000000
0.000000 0.000000 -1.000000
0.000000 0.000000 -1.000000
0.000000 0.000000 -1.000000
0.000000 0.000000 -1.000000
0.000000 0.000000 -1.000000
0.000000 0.000000 -1.000000
0.000000 0.000000 -1.000000
0.000000 0.000000 -1.000000
0.000000 0.000000 -1.000000
0.000000 0.000000 -1.000000
0.000000 0.000000 -1.000000
0.000000 0.000000 -1.000000
0.000000 0.000000 -1.000000
0.000000 0.000000 -1.000000
0.000000 0.000000 -1.000000
0.000000 0.000000 -1.000000
0.000000 0.000000 -1.000000
0.000000 0.000000 -1.000000
0.000000 0.000000 -1.000000
0.000000 0.000000 -1.000000
0.000000 0.000000 -1.000000
0.000000 0.000000 -1.000000
0.000000 0.000000 -1.000000
0.000000 0.000000 -1.000000
0.000000 0.000000 -1.000000
0.000000 0.000000 -1.000000
0.000000 0.000000 -1.000000
0.000000 0.000000 -1.000000
0.000000 0.000000 -1.000000
0.000000 0.000000 -1.000000
0.000000 0.000000 -1.000000
0.000000 0.000000 -1.000000
0.000000 0.000000 -1.000000
0.000000 0.000000 -1.000000
0.000000 0.000000 -1.000000
0.000000 0.000000 -1.000000
0.000000 0.000000 -1.000000
0.000000 0.000000 -1.000000
0.000000 0.000000 -1.000000
0.000000 0.000000 -1.000000
0.000000 0.000000 -1.000000
0.000000 0.000000 -1.000000
0.000000 0.000000 -1.000000
0.000000 0.000000 -1.000000
0.000000 0.000000 -1.000000
0.000000 0.000000 -1.000000
0.000000 0.000000 -1.000000
0.000000 0.000000 -1.000000
0.000000 0.000000 -1.000000
0.000000 0.000000 -1.000000
0.000000 0.000000 -1.000000
0.000000 0.000000 -1.000000
0.000000 0.000000 -1.000000
0.000000 0.000000 -1.000000
0.000000 0.000000 -1.000000
0.000000 0.000000 -1.000000
0.000000 0.000000 -1.000000
0.000000 0.000000 -1.000000
0.000000 0.000000 -1.000000
0.000000 0.000000 -1.000000
0.000000 0.000000 -1.000000
0.000000 0.000000 -1.000000
0.000000 0.000000 -1.000000
0.000000 0.000000 -1.000000
0.000000 0.000000 -1.000000
0.000000 0.000000 -1.000000
0.000000 0.000000 -1.000000
0.000000 0.000000 -1.000000
0.000000 0.000000 -1.000000
0.000000 0.000000 -1.000000
0.000000 0.000000 -1.000000
0.000000 0.000000 -1.000000
0.000000 0.000000 -1.000000
0.000000 0.000000 -1.000000
0.000000 0.000000 -1.000000
0.000000 0.000000 -1.000000
0.000000 0.000000 -1.000000
0.000000 0.000000 -1.000000
0.000000 0.000000 -1.000000
0.000000 0.000000 -1.000000
0.000000 0.000000 -1.000000
0.000000 0.000000 -1.000000
0.000000 0.000000 -1.000000
0.000000 0.000000 -1.000000
0.000000 0.000000 -1.000000
0.000000 0.000000 -1.000000
0.000000 0.000000 -1.000000
0.000000 0.000000 -1.000000
0.000000 0.000000 -1.000000
0.000000 0.000000 -1.000000
0.000000 0.000000 -1.000000
0.000000 0.000000 -1.000000
0.000000 0.000000 -1.000000
0.000000 0.000000 -1.000000
0.000000 0.000000 -1.000000
0.000000 0.000000 -1.000000
0.000000 0.000000 -1.000000
0.000000 0.000000 -1.000000
0.000000 0.000000 -1.000000
0.000000 0.000000 -1.000000
0.000000 0.000000 -1.000000
0.000000 0.000000 -1.000000
0.000000 0.000000 -1.000000
0.000000 0.000000 -1.000000
0.000000 0.000000 -1.000000
0.000000 0.000000 -1.000000
0.000000 0.000000 -1.000000
0.000000 0.000000 -1.000000
0.000000 0.000000 -1.000000
0.000000 0.000000 -1.000000
0.000000 0.000000 -1.000000
0.000000 0.000000 -1.000000
0.000000 0.000000 -1.000000
0.000000 0.000000 -1.000000
0.000000 0.000000 -1.000000
0.000000 0.000000 -1.000000
0.000000 0.000000 -1.000000
0.000000 0.000000 -1.000000
0.000000 0.000000 -1.000000
0.000000 0.000000 -1.000000
0.000000 0.000000 -1.000000
0.000000 0.000000 -1.000000
0.000000 0.000000 -1.000000
0.000000 0.000000 -1.000000
0.000000 0.000000 -1.000000
0.000000 0.000000 -1.000000
0.000000 0.000000 -1.000000
0.000000 0.000000 -1.000000
0.000000 0.000000 -1.000000
0.000000 0.000000 -1.000000
0.000000 0.000000 -1.000000
0.000000 0.000000 -1.000000
0.000000 0.000000 -1.000000
0.000000 0.000000 -1.000000
0.000000 0.000000 -1.000000
0.000000 0.000000 -1.000000
0.000000 0.000000 -1.000000
0.000000 0.000000 -1.000000
0.000000 0.000000 -1.000000
0.000000 0.000000 -1.000000
0.000000 0.000000 -1.000000
0.000000 0.000000 -1.000000
0.000000 0.000000 -1.000000
0.000000 0.000000 -1.000000
0.000000 0.000000 -1.000000
0.000000 0.000000 -1.000000
0.000000 0.000000 -1.000000
0.000000 0.000000 -1.000000
0.000000 0.000000 -1.000000
0.000000 0.000000 -1.000000
0.000000 0.000000 -1.000000
0.000000 0.000000 -1.000000
0.000000 0.000000 -1.000000
0.000000 0.000000 -1.000000
0.000000 0.000000 -1.000000
0.000000 0.000000 -1.000000
0.000000 0.000000 -1.000000
0.000000 0.000000 -1.000000
0.000000 0.000000 -1.000000
0.000000 0.000000 -1.000000
0.000000 0.000000 -1.000000
0.000000 0.000000 -1.000000
0.000000 0.000000 -1.000000
0.000000 0.000000 -1.000000
0.000000 0.000000 -1.000000
0.000000 0.000000 -1.000000
0.000000 0.000000 -1.000000
0.000000 0.000000 -1.000000
0.000000 0.000000 -1.000000
0.000000 0.000000 -1.000000
0.000000 0.000000 -1.000000
0.000000 0.000000 -1.000000
0.000000 0.000000 -1.000000
0.000000 0.000000 -1.000000
0.000000 0.000000 -1.000000
0.000000 0.000000 -1.000000
0.000000 0.000000 -1.000000
0.000000 0.000000 -1.000000
0.000000 0.000000 -1.000000
0.000000 0.000000 1.000000
0.000000 0.000000 1.000000
0.000000 0.000000 1.000000
0.000000 0.000000 1.000000
0.000000 0.000000 1.000000
0.000000 0.000000 1.000000
0.000000 0.000000 1.000000
0.000000 0.000000 1.000000
0.000000 0.000000 1.000000
0.000000 0.000000 1.000000
0.000000 0.000000 1.000000
0.000000 0.000000 1.000000
0.000000 0.000000 1.000000
0.000000 0.000000 1.000000
0.000000 0.000000 1.000000
0.000000 0.000000 1.000000
0.000000 0.000000 1.000000
0.000000 0.000000 1.000000
0.000000 0.000000 1.000000
0.000000 0.000000 1.000000
0.000000 0.000000 1.000000
0.000000 0.000000 1.000000
0.000000 0.000000 1.000000
0.000000 0.000000 1.000000
0.000000 0.000000 1.000000
0.000000 0.000000 1.000000
0.000000 0.000000 1.000000
0.000000 0.000000 1.000000
0.000000 0.000000 1.000000
0.000000 0.000000 1.000000
0.000000 0.000000 1.000000
0.000000 0.000000 1.000000
0.000000 0.000000 1.000000
0.000000 0.000000 1.000000
0.000000 0.000000 1.000000
0.000000 0.000000 1.000000
0.000000 0.000000 1.000000
0.000000 0.000000 1.000000
0.000000 0.000000 1.000000
0.000000 0.000000 1.000000
0.000000 0.000000 1.000000
0.000000 0.000000 1.000000
0.000000 0.000000 1.000000
0.000000 0.000000 1.000000
0.000000 0.000000 1.000000
0.000000 0.000000 1.000000
0.000000 0.000000 1.000000
0.000000 0.000000 1.000000
0.000000 0.000000 1.000000
0.000000 0.000000 1.000000
0.000000 0.000000 1.000000
0.000000 0.000000 1.000000
0.000000 0.000000 1.000000
0.000000 0.000000 1.000000
0.000000 0.000000 1.000000
0.000000 0.000000 1.000000
0.000000 0.000000 1.000000
0.000000 0.000000 1.000000
0.000000 0.000000 1.000000
0.000000 0.000000 1.000000
0.000000 0.000000 1.000000
0.000000 0.000000 1.000000
0.000000 0.000000 1.000000
0.000000 0.000000 1.000000
0.000000 0.000000 1.000000
0.000000 0.000000 1.000000
0.000000 0.000000 1.000000
0.000000 0.000000 1.000000
0.000000 0.000000 1.000000
0.000000 0.000000 1.000000
0.000000 0.000000 1.000000
0.000000 0.000000 1.000000
0.000000 0.000000 1.000000
0.000000 0.000000 1.000000
0.000000 0.000000 1.000000
0.000000 0.000000 1.000000
0.000000 0.000000 1.000000
0.000000 0.000000 1.000000
0.000000 0.000000 1.000000
0.000000 0.000000 1.000000
0.000000 0.000000 1.000000
0.000000 0.000000 1.000000
0.000000 0.000000 1.000000
0.000000 0.000000 1.000000
0.000000 0.000000 1.000000
0.000000 0.000000 1.000000
0.000000 0.000000 1.000000
0.000000 0.000000 1.000000
0.000000 0.000000 1.000000
0.000000 0.000000 1.000000
0.000000 0.000000 1.000000
0.000000 0.000000 1.000000
0.000000 0.000000 1.000000
0.000000 0.000000 1.000000
0.000000 0.000000 1.000000
0.000000 0.000000 1.000000
0.000000 0.000000 1.000000
0.000000 0.000000 1.000000
0.000000 0.000000 1.000000
0.000000 0.000000 1.000000
0.000000 0.000000 1.000000
0.000000 0.000000 1.000000
0.000000 0.000000 1.000000
0.000000 0.000000 1.000000
0.000000 0.000000 1.000000
0.000000 0.000000 1.000000
0.000000 0.000000 1.000000
0.000000 0.000000 1.000000
0.000000 0.000000 1.000000
0.000000 0.000000 1.000000
0.000000 0.000000 1.000000
0.000000 0.000000 1.000000
0.000000 0.000000 1.000000
0.000000 0.000000 1.000000
0.000000 0.000000 1.000000
0.000000 0.000000 1.000000
0.000000 0.000000 1.000000
0.000000 0.000000 1.000000
0.000000 0.000000 1.000000
0.000000 0.000000 1.000000
0.000000 0.000000 1.000000
0.000000 0.000000 1.000000
0.000000 0.000000 1.000000
0.000000 0.000000 1.000000
0.000000 0.000000 1.000000
0.000000 0.000000 1.000000
0.000000 0.000000 1.000000
0.000000 0.000000 1.000000
0.000000 0.000000 1.000000
0.000000 0.000000 1.000000
0.000000 0.000000 1.000000
0.000000 0.000000 1.000000
0.000000 0.000000 1.000000
0.000000 0.000000 1.000000
0.000000 0.000000 1.000000
0.000000 0.000000 1.000000
0.000000 0.000000 1.000000
0.000000 0.000000 1.000000
0.000000 0.000000 1.000000
0.000000 0.000000 1.000000
0.000000 0.000000 1.000000
0.000000 0.000000 1.000000
0.000000 0.000000 1.000000
0.000000 0.000000 1.000000
0.000000 0.000000 1.000000
0.000000 0.000000 1.000000
0.000000 0.000000 1.000000
0.000000 0.000000 1.000000
0.000000 0.000000 1.000000
0.000000 0.000000 1.000000
0.000000 0.000000 1.000000
0.000000 0.000000 1.000000
0.000000 0.000000 1.000000
0.000000 0.000000 1.000000
0.000000 0.000000 1.000000
0.000000 0.000000 1.000000
0.000000 0.000000 1.000000
0.000000 0.000000 1.000000
0.000000 0.000000 1.000000
0.000000 0.000000 1.000000
0.000000 0.000000 1.000000
0.000000 0.000000 1.000000
0.000000 0.000000 1.000000
0.000000 0.000000 1.000000
0.000000 0.000000 1.000000
0.000000 0.000000 1.000000
0.000000 0.000000 1.000000
0.000000 0.000000 1.000000
0.000000 0.000000 1.000000
0.000000 0.000000 1.000000
0.000000 0.000000 1.000000
0.000000 0.000000 1.000000
0.000000 0.000000 1.000000
0.000000 0.000000 1.000000
0.000000 0.000000 1.000000
0.000000 0.000000 1.000000
0.000000 0.000000 1.000000
0.000000 0.000000 1.000000
0.000000 0.000000 1.000000
0.000000 0.000000 1.000000
</float_array>
          <technique_common>
            <accessor source="#ic_duvar009-Normal0-array" count="744" stride="3">
              <param name="X" type="float"/>
              <param name="Y" type="float"/>
              <param name="Z" type="float"/>
            </accessor>
          </technique_common>
        </source>
        <vertices id="ic_duvar009-VERTEX">
          <input semantic="POSITION" source="#ic_duvar009-POSITION"/>
        </vertices>
        <triangles count="248">
          <input semantic="VERTEX" offset="0" source="#ic_duvar009-VERTEX"/>
          <input semantic="NORMAL" offset="1" source="#ic_duvar009-Normal0"/>
          <p> 0 0 1 1 21 2 0 3 21 4 20 5 1 6 2 7 22 8 1 9 22 10 21 11 2 12 3 13 23 14 2 15 23 16 22 17 3 18 4 19 24 20 3 21 24 22 23 23 4 24 5 25 25 26 4 27 25 28 24 29 5 30 6 31 26 32 5 33 26 34 25 35 6 36 7 37 27 38 6 39 27 40 26 41 7 42 8 43 28 44 7 45 28 46 27 47 8 48 9 49 29 50 8 51 29 52 28 53 9 54 10 55 30 56 9 57 30 58 29 59 10 60 11 61 31 62 10 63 31 64 30 65 11 66 12 67 32 68 11 69 32 70 31 71 12 72 13 73 33 74 12 75 33 76 32 77 13 78 14 79 34 80 13 81 34 82 33 83 14 84 15 85 35 86 14 87 35 88 34 89 15 90 16 91 36 92 15 93 36 94 35 95 16 96 17 97 37 98 16 99 37 100 36 101 17 102 18 103 38 104 17 105 38 106 37 107 18 108 19 109 39 110 18 111 39 112 38 113 19 114 0 115 20 116 19 117 20 118 39 119 40 120 41 121 85 122 40 123 85 124 84 125 41 126 42 127 86 128 41 129 86 130 85 131 42 132 43 133 87 134 42 135 87 136 86 137 43 138 44 139 88 140 43 141 88 142 87 143 44 144 45 145 89 146 44 147 89 148 88 149 45 150 46 151 90 152 45 153 90 154 89 155 46 156 47 157 91 158 46 159 91 160 90 161 47 162 48 163 92 164 47 165 92 166 91 167 48 168 49 169 93 170 48 171 93 172 92 173 49 174 50 175 94 176 49 177 94 178 93 179 50 180 51 181 95 182 50 183 95 184 94 185 51 186 52 187 96 188 51 189 96 190 95 191 52 192 53 193 97 194 52 195 97 196 96 197 53 198 54 199 98 200 53 201 98 202 97 203 54 204 55 205 99 206 54 207 99 208 98 209 55 210 56 211 100 212 55 213 100 214 99 215 56 216 57 217 101 218 56 219 101 220 100 221 57 222 58 223 102 224 57 225 102 226 101 227 58 228 59 229 103 230 58 231 103 232 102 233 59 234 60 235 104 236 59 237 104 238 103 239 60 240 61 241 105 242 60 243 105 244 104 245 61 246 62 247 106 248 61 249 106 250 105 251 62 252 63 253 107 254 62 255 107 256 106 257 63 258 64 259 108 260 63 261 108 262 107 263 64 264 65 265 109 266 64 267 109 268 108 269 65 270 66 271 110 272 65 273 110 274 109 275 66 276 67 277 111 278 66 279 111 280 110 281 67 282 68 283 112 284 67 285 112 286 111 287 68 288 69 289 113 290 68 291 113 292 112 293 69 294 70 295 114 296 69 297 114 298 113 299 70 300 71 301 115 302 70 303 115 304 114 305 71 306 72 307 116 308 71 309 116 310 115 311 72 312 73 313 117 314 72 315 117 316 116 317 73 318 74 319 118 320 73 321 118 322 117 323 74 324 75 325 119 326 74 327 119 328 118 329 75 330 76 331 120 332 75 333 120 334 119 335 76 336 77 337 121 338 76 339 121 340 120 341 77 342 78 343 122 344 77 345 122 346 121 347 78 348 79 349 123 350 78 351 123 352 122 353 79 354 80 355 124 356 79 357 124 358 123 359 80 360 81 361 125 362 80 363 125 364 124 365 81 366 82 367 126 368 81 369 126 370 125 371 82 372 83 373 127 374 82 375 127 376 126 377 83 378 40 379 84 380 83 381 84 382 127 383 18 384 0 385 19 386 18 387 1 388 0 389 18 390 2 391 1 392 18 393 3 394 2 395 18 396 4 397 3 398 5 399 7 400 6 401 18 402 5 403 4 404 18 405 7 406 5 407 18 408 8 409 7 410 17 411 8 412 18 413 17 414 9 415 8 416 16 417 9 418 17 419 15 420 9 421 16 422 15 423 10 424 9 425 14 426 10 427 15 428 14 429 11 430 10 431 13 432 11 433 14 434 13 435 12 436 11 437 61 438 63 439 62 440 60 441 63 442 61 443 60 444 64 445 63 446 59 447 64 448 60 449 59 450 65 451 64 452 58 453 65 454 59 455 58 456 66 457 65 458 57 459 66 460 58 461 57 462 67 463 66 464 56 465 67 466 57 467 56 468 68 469 67 470 55 471 68 472 56 473 55 474 69 475 68 476 54 477 69 478 55 479 53 480 69 481 54 482 53 483 70 484 69 485 52 486 70 487 53 488 52 489 71 490 70 491 51 492 71 493 52 494 51 495 72 496 71 497 50 498 72 499 51 500 50 501 73 502 72 503 49 504 73 505 50 506 49 507 74 508 73 509 48 510 74 511 49 512 48 513 75 514 74 515 47 516 75 517 48 518 47 519 76 520 75 521 46 522 76 523 47 524 46 525 77 526 76 527 45 528 77 529 46 530 45 531 78 532 77 533 44 534 78 535 45 536 44 537 79 538 78 539 43 540 79 541 44 542 43 543 80 544 79 545 42 546 80 547 43 548 42 549 81 550 80 551 41 552 81 553 42 554 41 555 82 556 81 557 40 558 82 559 41 560 40 561 83 562 82 563 38 564 39 565 20 566 38 567 20 568 21 569 38 570 21 571 22 572 38 573 22 574 23 575 38 576 23 577 24 578 25 579 26 580 27 581 38 582 24 583 25 584 38 585 25 586 27 587 38 588 27 589 28 590 37 591 38 592 28 593 37 594 28 595 29 596 36 597 37 598 29 599 35 600 36 601 29 602 35 603 29 604 30 605 34 606 35 607 30 608 34 609 30 610 31 611 33 612 34 613 31 614 33 615 31 616 32 617 105 618 106 619 107 620 104 621 105 622 107 623 104 624 107 625 108 626 103 627 104 628 108 629 103 630 108 631 109 632 102 633 103 634 109 635 102 636 109 637 110 638 101 639 102 640 110 641 101 642 110 643 111 644 100 645 101 646 111 647 100 648 111 649 112 650 99 651 100 652 112 653 99 654 112 655 113 656 98 657 99 658 113 659 97 660 98 661 113 662 97 663 113 664 114 665 96 666 97 667 114 668 96 669 114 670 115 671 95 672 96 673 115 674 95 675 115 676 116 677 94 678 95 679 116 680 94 681 116 682 117 683 93 684 94 685 117 686 93 687 117 688 118 689 92 690 93 691 118 692 92 693 118 694 119 695 91 696 92 697 119 698 91 699 119 700 120 701 90 702 91 703 120 704 90 705 120 706 121 707 89 708 90 709 121 710 89 711 121 712 122 713 88 714 89 715 122 716 88 717 122 718 123 719 87 720 88 721 123 722 87 723 123 724 124 725 86 726 87 727 124 728 86 729 124 730 125 731 85 732 86 733 125 734 85 735 125 736 126 737 84 738 85 739 126 740 84 741 126 742 127 743</p>
        </triangles>
      </mesh>
    </geometry>
    <geometry id="ic_duvar010-lib" name="ic_duvar010Mesh">
      <mesh>
        <source id="ic_duvar010-POSITION">
          <float_array id="ic_duvar010-POSITION-array" count="324">
71.097168 -557.257812 0.000000
-79.133873 -557.258179 0.000000
-79.133934 -63.897739 0.000000
311.417206 -63.897598 0.000000
311.417267 -316.205780 0.000000
323.228302 -316.205780 0.000000
323.228241 -52.086609 0.000000
-90.944954 -52.086643 0.000000
-90.944878 -569.068909 0.000000
71.097168 -569.068848 0.000000
71.097168 -557.257812 39.370079
-79.133873 -557.258179 39.370079
-79.133934 -63.897739 39.370079
311.417206 -63.897598 39.370079
311.417267 -316.205780 39.370079
323.228302 -316.205780 39.370079
323.228241 -52.086609 39.370079
-90.944954 -52.086643 39.370079
-90.944878 -569.068909 39.370079
71.097168 -569.068848 39.370079
318.837463 -305.241180 0.000000
302.293884 -312.215607 0.000000
286.047485 -319.820312 0.000000
270.116333 -328.045074 0.000000
254.518494 -336.879456 0.000000
239.272125 -346.313263 0.000000
224.395126 -356.336121 0.000000
209.905640 -366.937622 0.000000
195.837616 -378.094849 0.000000
182.223038 -389.781586 0.000000
169.077316 -401.982147 0.000000
156.415771 -414.681000 0.000000
144.253937 -427.862732 0.000000
132.607132 -441.511597 0.000000
121.490791 -455.612091 0.000000
110.150909 -472.122742 0.000000
98.334549 -491.689880 0.000000
86.851265 -512.273621 0.000000
76.510590 -531.833984 0.000000
68.122108 -548.331421 0.000000
62.495346 -559.725708 0.000000
60.439854 -563.977112 0.000000
71.096985 -569.068848 0.000000
73.116066 -564.887634 0.000000
78.641113 -553.684692 0.000000
86.873840 -537.471252 0.000000
97.015953 -518.257874 0.000000
108.269203 -498.056122 0.000000
119.835197 -478.876617 0.000000
130.915741 -462.730499 0.000000
141.749237 -448.988403 0.000000
153.097061 -435.689575 0.000000
164.945282 -422.847900 0.000000
177.279968 -410.477356 0.000000
190.087280 -398.592072 0.000000
203.353165 -387.205688 0.000000
217.063751 -376.332397 0.000000
231.186096 -365.999481 0.000000
245.685028 -356.231506 0.000000
260.543427 -347.038208 0.000000
275.744049 -338.429199 0.000000
291.269958 -330.414398 0.000000
307.103729 -323.003296 0.000000
323.228271 -316.205719 0.000000
318.837463 -305.241180 39.370079
302.293884 -312.215607 39.370079
286.047485 -319.820312 39.370079
270.116333 -328.045074 39.370079
254.518494 -336.879456 39.370079
239.272125 -346.313263 39.370079
224.395126 -356.336121 39.370079
209.905640 -366.937622 39.370079
195.837616 -378.094849 39.370079
182.223038 -389.781586 39.370079
169.077316 -401.982147 39.370079
156.415771 -414.681000 39.370079
144.253937 -427.862732 39.370079
132.607132 -441.511597 39.370079
121.490791 -455.612091 39.370079
110.150909 -472.122742 39.370079
98.334549 -491.689880 39.370079
86.851265 -512.273621 39.370079
76.510590 -531.833984 39.370079
68.122108 -548.331421 39.370079
62.495346 -559.725708 39.370079
60.439854 -563.977112 39.370079
71.096985 -569.068848 39.370079
73.116066 -564.887634 39.370079
78.641113 -553.684692 39.370079
86.873840 -537.471252 39.370079
97.015953 -518.257874 39.370079
108.269203 -498.056122 39.370079
119.835197 -478.876617 39.370079
130.915741 -462.730499 39.370079
141.749237 -448.988403 39.370079
153.097061 -435.689575 39.370079
164.945282 -422.847900 39.370079
177.279968 -410.477356 39.370079
190.087280 -398.592072 39.370079
203.353165 -387.205688 39.370079
217.063751 -376.332397 39.370079
231.186096 -365.999481 39.370079
245.685028 -356.231506 39.370079
260.543427 -347.038208 39.370079
275.744049 -338.429199 39.370079
291.269958 -330.414398 39.370079
307.103729 -323.003296 39.370079
323.228271 -316.205719 39.370079
</float_array>
          <technique_common>
            <accessor source="#ic_duvar010-POSITION-array" count="108" stride="3">
              <param name="X" type="float"/>
              <param name="Y" type="float"/>
              <param name="Z" type="float"/>
            </accessor>
          </technique_common>
        </source>
        <source id="ic_duvar010-Normal0">
          <float_array id="ic_duvar010-Normal0-array" count="1872">
-0.000002 1.000000 0.000000
-0.000002 1.000000 0.000000
-0.000002 1.000000 0.000000
-0.000002 1.000000 0.000000
-0.000002 1.000000 0.000000
-0.000002 1.000000 0.000000
1.000000 0.000000 0.000000
1.000000 0.000000 0.000000
1.000000 0.000000 0.000000
1.000000 0.000000 0.000000
1.000000 0.000000 0.000000
1.000000 0.000000 0.000000
0.000000 -1.000000 0.000000
0.000000 -1.000000 0.000000
0.000000 -1.000000 0.000000
0.000000 -1.000000 0.000000
0.000000 -1.000000 0.000000
0.000000 -1.000000 0.000000
-1.000000 -0.000000 0.000000
-1.000000 -0.000000 0.000000
-1.000000 -0.000000 0.000000
-1.000000 -0.000000 0.000000
-1.000000 -0.000000 0.000000
-1.000000 -0.000000 0.000000
0.000000 -1.000000 0.000000
0.000000 -1.000000 0.000000
0.000000 -1.000000 0.000000
0.000000 -1.000000 0.000000
0.000000 -1.000000 0.000000
0.000000 -1.000000 0.000000
1.000000 0.000000 0.000000
1.000000 0.000000 0.000000
1.000000 0.000000 0.000000
1.000000 0.000000 0.000000
1.000000 0.000000 0.000000
1.000000 0.000000 0.000000
-0.000000 1.000000 0.000000
-0.000000 1.000000 0.000000
-0.000000 1.000000 0.000000
-0.000000 1.000000 0.000000
-0.000000 1.000000 0.000000
-0.000000 1.000000 0.000000
-1.000000 -0.000000 0.000000
-1.000000 -0.000000 0.000000
-1.000000 -0.000000 0.000000
-1.000000 -0.000000 0.000000
-1.000000 -0.000000 0.000000
-1.000000 -0.000000 0.000000
0.000000 -1.000000 0.000000
0.000000 -1.000000 0.000000
0.000000 -1.000000 0.000000
0.000000 -1.000000 0.000000
0.000000 -1.000000 0.000000
0.000000 -1.000000 0.000000
1.000000 0.000000 0.000000
1.000000 0.000000 0.000000
1.000000 0.000000 0.000000
1.000000 0.000000 0.000000
1.000000 0.000000 0.000000
1.000000 0.000000 0.000000
-0.388469 0.921462 0.000000
-0.406281 0.913748 0.000000
-0.406281 0.913748 0.000000
-0.388469 0.921462 0.000000
-0.406281 0.913748 0.000000
-0.388469 0.921462 0.000000
-0.406281 0.913748 0.000000
-0.441424 0.897299 0.000000
-0.441424 0.897299 0.000000
-0.406281 0.913748 0.000000
-0.441424 0.897299 0.000000
-0.406281 0.913748 0.000000
-0.441424 0.897299 0.000000
-0.475873 0.879514 0.000000
-0.475873 0.879514 0.000000
-0.441424 0.897299 0.000000
-0.475873 0.879514 0.000000
-0.441424 0.897299 0.000000
-0.475873 0.879514 0.000000
-0.509597 0.860413 0.000000
-0.509597 0.860413 0.000000
-0.475873 0.879514 0.000000
-0.509597 0.860413 0.000000
-0.475873 0.879514 0.000000
-0.509597 0.860413 0.000000
-0.542560 0.840017 0.000000
-0.542560 0.840017 0.000000
-0.509597 0.860413 0.000000
-0.542560 0.840017 0.000000
-0.509597 0.860413 0.000000
-0.542560 0.840017 0.000000
-0.574723 0.818348 0.000000
-0.574723 0.818348 0.000000
-0.542560 0.840017 0.000000
-0.574723 0.818348 0.000000
-0.542560 0.840017 0.000000
-0.574723 0.818348 0.000000
-0.606054 0.795424 0.000000
-0.606054 0.795424 0.000000
-0.574723 0.818348 0.000000
-0.606054 0.795424 0.000000
-0.574723 0.818348 0.000000
-0.606054 0.795424 0.000000
-0.636485 0.771289 0.000000
-0.636485 0.771289 0.000000
-0.606054 0.795424 0.000000
-0.636485 0.771289 0.000000
-0.606054 0.795424 0.000000
-0.636485 0.771289 0.000000
-0.665928 0.746016 0.000000
-0.665928 0.746016 0.000000
-0.636485 0.771289 0.000000
-0.665928 0.746016 0.000000
-0.636485 0.771289 0.000000
-0.665928 0.746016 0.000000
-0.694336 0.719651 0.000000
-0.694336 0.719651 0.000000
-0.665928 0.746016 0.000000
-0.694336 0.719651 0.000000
-0.665928 0.746016 0.000000
-0.694336 0.719651 0.000000
-0.721693 0.692214 0.000000
-0.721693 0.692214 0.000000
-0.694336 0.719651 0.000000
-0.721693 0.692214 0.000000
-0.694336 0.719651 0.000000
-0.721693 0.692214 0.000000
-0.747971 0.663732 0.000000
-0.747971 0.663732 0.000000
-0.721693 0.692214 0.000000
-0.747971 0.663732 0.000000
-0.721693 0.692214 0.000000
-0.747971 0.663732 0.000000
-0.773145 0.634229 0.000000
-0.773145 0.634229 0.000000
-0.747971 0.663732 0.000000
-0.773145 0.634229 0.000000
-0.747971 0.663732 0.000000
-0.773145 0.634229 0.000000
-0.805240 0.592949 0.000000
-0.805240 0.592949 0.000000
-0.773145 0.634229 0.000000
-0.805240 0.592949 0.000000
-0.773145 0.634229 0.000000
-0.805240 0.592949 0.000000
-0.840522 0.541777 0.000000
-0.840522 0.541777 0.000000
-0.805240 0.592949 0.000000
-0.840522 0.541777 0.000000
-0.805240 0.592949 0.000000
-0.840522 0.541777 0.000000
-0.864785 0.502142 0.000000
-0.864785 0.502142 0.000000
-0.840522 0.541777 0.000000
-0.864785 0.502142 0.000000
-0.840522 0.541777 0.000000
-0.864785 0.502142 0.000000
-0.878735 0.477310 0.000000
-0.878735 0.477310 0.000000
-0.864785 0.502142 0.000000
-0.878735 0.477310 0.000000
-0.864785 0.502142 0.000000
-0.878735 0.477310 0.000000
-0.887753 0.460319 0.000000
-0.887753 0.460319 0.000000
-0.878735 0.477310 0.000000
-0.887753 0.460319 0.000000
-0.878735 0.477310 0.000000
-0.887753 0.460319 0.000000
-0.894024 0.448019 0.000000
-0.894024 0.448019 0.000000
-0.887753 0.460319 0.000000
-0.894024 0.448019 0.000000
-0.887753 0.460319 0.000000
-0.894024 0.448019 0.000000
-0.898471 0.439032 0.000000
-0.898471 0.439032 0.000000
-0.894024 0.448019 0.000000
-0.898471 0.439032 0.000000
-0.894024 0.448019 0.000000
-0.898471 0.439032 0.000000
-0.900295 0.435280 0.000000
-0.900295 0.435280 0.000000
-0.898471 0.439032 0.000000
-0.900295 0.435280 0.000000
-0.898471 0.439032 0.000000
-0.431100 -0.902304 0.000000
-0.431100 -0.902304 0.000000
-0.431100 -0.902304 0.000000
-0.431100 -0.902304 0.000000
-0.431100 -0.902304 0.000000
-0.431100 -0.902304 0.000000
0.900504 -0.434848 0.000000
0.898690 -0.438584 0.000000
0.898690 -0.438584 0.000000
0.900504 -0.434848 0.000000
0.898690 -0.438584 0.000000
0.900504 -0.434848 0.000000
0.898690 -0.438584 0.000000
0.894265 -0.447538 0.000000
0.894265 -0.447538 0.000000
0.898690 -0.438584 0.000000
0.894265 -0.447538 0.000000
0.898690 -0.438584 0.000000
0.894265 -0.447538 0.000000
0.888023 -0.459799 0.000000
0.888023 -0.459799 0.000000
0.894265 -0.447538 0.000000
0.888023 -0.459799 0.000000
0.894265 -0.447538 0.000000
0.888023 -0.459799 0.000000
0.879034 -0.476758 0.000000
0.879034 -0.476758 0.000000
0.888023 -0.459799 0.000000
0.879034 -0.476758 0.000000
0.888023 -0.459799 0.000000
0.879034 -0.476758 0.000000
0.865102 -0.501596 0.000000
0.865102 -0.501596 0.000000
0.879034 -0.476758 0.000000
0.865102 -0.501596 0.000000
0.879034 -0.476758 0.000000
0.865102 -0.501596 0.000000
0.840793 -0.541357 0.000000
0.840793 -0.541357 0.000000
0.865102 -0.501596 0.000000
0.840793 -0.541357 0.000000
0.865102 -0.501596 0.000000
0.840793 -0.541357 0.000000
0.805356 -0.592792 0.000000
0.805356 -0.592792 0.000000
0.840793 -0.541357 0.000000
0.805356 -0.592792 0.000000
0.840793 -0.541357 0.000000
0.805356 -0.592792 0.000000
0.773153 -0.634219 0.000000
0.773153 -0.634219 0.000000
0.805356 -0.592792 0.000000
0.773153 -0.634219 0.000000
0.805356 -0.592792 0.000000
0.773153 -0.634219 0.000000
0.747973 -0.663729 0.000000
0.747973 -0.663729 0.000000
0.773153 -0.634219 0.000000
0.747973 -0.663729 0.000000
0.773153 -0.634219 0.000000
0.747973 -0.663729 0.000000
0.721684 -0.692223 0.000000
0.721684 -0.692223 0.000000
0.747973 -0.663729 0.000000
0.721684 -0.692223 0.000000
0.747973 -0.663729 0.000000
0.721684 -0.692223 0.000000
0.694311 -0.719675 0.000000
0.694311 -0.719675 0.000000
0.721684 -0.692223 0.000000
0.694311 -0.719675 0.000000
0.721684 -0.692223 0.000000
0.694311 -0.719675 0.000000
0.665893 -0.746047 0.000000
0.665893 -0.746047 0.000000
0.694311 -0.719675 0.000000
0.665893 -0.746047 0.000000
0.694311 -0.719675 0.000000
0.665893 -0.746047 0.000000
0.636460 -0.771310 0.000000
0.636460 -0.771310 0.000000
0.665893 -0.746047 0.000000
0.636460 -0.771310 0.000000
0.665893 -0.746047 0.000000
0.636460 -0.771310 0.000000
0.606046 -0.795429 0.000000
0.606046 -0.795429 0.000000
0.636460 -0.771310 0.000000
0.606046 -0.795429 0.000000
0.636460 -0.771310 0.000000
0.606046 -0.795429 0.000000
0.574721 -0.818350 0.000000
0.574721 -0.818350 0.000000
0.606046 -0.795429 0.000000
0.574721 -0.818350 0.000000
0.606046 -0.795429 0.000000
0.574721 -0.818350 0.000000
0.542548 -0.840025 0.000000
0.542548 -0.840025 0.000000
0.574721 -0.818350 0.000000
0.542548 -0.840025 0.000000
0.574721 -0.818350 0.000000
0.542548 -0.840025 0.000000
0.509580 -0.860424 0.000000
0.509580 -0.860424 0.000000
0.542548 -0.840025 0.000000
0.509580 -0.860424 0.000000
0.542548 -0.840025 0.000000
0.509580 -0.860424 0.000000
0.475848 -0.879527 0.000000
0.475848 -0.879527 0.000000
0.509580 -0.860424 0.000000
0.475848 -0.879527 0.000000
0.509580 -0.860424 0.000000
0.475848 -0.879527 0.000000
0.441396 -0.897312 0.000000
0.441396 -0.897312 0.000000
0.475848 -0.879527 0.000000
0.441396 -0.897312 0.000000
0.475848 -0.879527 0.000000
0.441396 -0.897312 0.000000
0.406266 -0.913755 0.000000
0.406266 -0.913755 0.000000
0.441396 -0.897312 0.000000
0.406266 -0.913755 0.000000
0.441396 -0.897312 0.000000
0.406266 -0.913755 0.000000
0.388460 -0.921466 0.000000
0.388460 -0.921466 0.000000
0.406266 -0.913755 0.000000
0.388460 -0.921466 0.000000
0.406266 -0.913755 0.000000
0.928331 0.371755 0.000000
0.928331 0.371755 0.000000
0.928331 0.371755 0.000000
0.928331 0.371755 0.000000
0.928331 0.371755 0.000000
0.928331 0.371755 0.000000
0.000000 0.000000 -1.000000
0.000000 0.000000 -1.000000
0.000000 0.000000 -1.000000
0.000000 0.000000 -1.000000
0.000000 0.000000 -1.000000
0.000000 0.000000 -1.000000
0.000000 0.000000 -1.000000
0.000000 0.000000 -1.000000
0.000000 0.000000 -1.000000
0.000000 0.000000 -1.000000
0.000000 0.000000 -1.000000
0.000000 0.000000 -1.000000
0.000000 0.000000 -1.000000
0.000000 0.000000 -1.000000
0.000000 0.000000 -1.000000
0.000000 0.000000 -1.000000
0.000000 0.000000 -1.000000
0.000000 0.000000 -1.000000
0.000000 0.000000 -1.000000
0.000000 0.000000 -1.000000
0.000000 0.000000 -1.000000
0.000000 0.000000 -1.000000
0.000000 0.000000 -1.000000
0.000000 0.000000 -1.000000
0.000000 0.000000 -1.000000
0.000000 0.000000 -1.000000
0.000000 0.000000 -1.000000
0.000000 0.000000 -1.000000
0.000000 0.000000 -1.000000
0.000000 0.000000 -1.000000
0.000000 0.000000 -1.000000
0.000000 0.000000 -1.000000
0.000000 0.000000 -1.000000
0.000000 0.000000 -1.000000
0.000000 0.000000 -1.000000
0.000000 0.000000 -1.000000
0.000000 0.000000 -1.000000
0.000000 0.000000 -1.000000
0.000000 0.000000 -1.000000
0.000000 0.000000 -1.000000
0.000000 0.000000 -1.000000
0.000000 0.000000 -1.000000
0.000000 0.000000 -1.000000
0.000000 0.000000 -1.000000
0.000000 0.000000 -1.000000
0.000000 0.000000 -1.000000
0.000000 0.000000 -1.000000
0.000000 0.000000 -1.000000
0.000000 0.000000 -1.000000
0.000000 0.000000 -1.000000
0.000000 0.000000 -1.000000
0.000000 0.000000 -1.000000
0.000000 0.000000 -1.000000
0.000000 0.000000 -1.000000
0.000000 0.000000 -1.000000
0.000000 0.000000 -1.000000
0.000000 0.000000 -1.000000
0.000000 0.000000 -1.000000
0.000000 0.000000 -1.000000
0.000000 0.000000 -1.000000
0.000000 0.000000 -1.000000
0.000000 0.000000 -1.000000
0.000000 0.000000 -1.000000
0.000000 0.000000 -1.000000
0.000000 0.000000 -1.000000
0.000000 0.000000 -1.000000
0.000000 0.000000 -1.000000
0.000000 0.000000 -1.000000
0.000000 0.000000 -1.000000
0.000000 0.000000 -1.000000
0.000000 0.000000 -1.000000
0.000000 0.000000 -1.000000
0.000000 0.000000 -1.000000
0.000000 0.000000 -1.000000
0.000000 0.000000 -1.000000
0.000000 0.000000 -1.000000
0.000000 0.000000 -1.000000
0.000000 0.000000 -1.000000
0.000000 0.000000 -1.000000
0.000000 0.000000 -1.000000
0.000000 0.000000 -1.000000
0.000000 0.000000 -1.000000
0.000000 0.000000 -1.000000
0.000000 0.000000 -1.000000
0.000000 0.000000 -1.000000
0.000000 0.000000 -1.000000
0.000000 0.000000 -1.000000
0.000000 0.000000 -1.000000
0.000000 0.000000 -1.000000
0.000000 0.000000 -1.000000
0.000000 0.000000 -1.000000
0.000000 0.000000 -1.000000
0.000000 0.000000 -1.000000
0.000000 0.000000 -1.000000
0.000000 0.000000 -1.000000
0.000000 0.000000 -1.000000
0.000000 0.000000 -1.000000
0.000000 0.000000 -1.000000
0.000000 0.000000 -1.000000
0.000000 0.000000 -1.000000
0.000000 0.000000 -1.000000
0.000000 0.000000 -1.000000
0.000000 0.000000 -1.000000
0.000000 0.000000 -1.000000
0.000000 0.000000 -1.000000
0.000000 0.000000 -1.000000
0.000000 0.000000 -1.000000
0.000000 0.000000 -1.000000
0.000000 0.000000 -1.000000
0.000000 0.000000 -1.000000
0.000000 0.000000 -1.000000
0.000000 0.000000 -1.000000
0.000000 0.000000 -1.000000
0.000000 0.000000 -1.000000
0.000000 0.000000 -1.000000
0.000000 0.000000 -1.000000
0.000000 0.000000 -1.000000
0.000000 0.000000 -1.000000
0.000000 0.000000 -1.000000
0.000000 0.000000 -1.000000
0.000000 0.000000 -1.000000
0.000000 0.000000 -1.000000
0.000000 0.000000 -1.000000
0.000000 0.000000 -1.000000
0.000000 0.000000 -1.000000
0.000000 0.000000 -1.000000
0.000000 0.000000 -1.000000
0.000000 0.000000 -1.000000
0.000000 0.000000 -1.000000
0.000000 0.000000 -1.000000
0.000000 0.000000 -1.000000
0.000000 0.000000 -1.000000
0.000000 0.000000 -1.000000
0.000000 0.000000 -1.000000
0.000000 0.000000 -1.000000
0.000000 0.000000 -1.000000
0.000000 0.000000 -1.000000
0.000000 0.000000 -1.000000
0.000000 0.000000 -1.000000
0.000000 0.000000 -1.000000
0.000000 0.000000 -1.000000
0.000000 0.000000 -1.000000
0.000000 0.000000 -1.000000
0.000000 0.000000 -1.000000
0.000000 0.000000 -1.000000
0.000000 0.000000 -1.000000
0.000000 0.000000 -1.000000
0.000000 0.000000 -1.000000
0.000000 0.000000 -1.000000
0.000000 0.000000 -1.000000
0.000000 0.000000 1.000000
0.000000 0.000000 1.000000
0.000000 0.000000 1.000000
0.000000 0.000000 1.000000
0.000000 0.000000 1.000000
0.000000 0.000000 1.000000
0.000000 0.000000 1.000000
0.000000 0.000000 1.000000
0.000000 0.000000 1.000000
0.000000 0.000000 1.000000
0.000000 0.000000 1.000000
0.000000 0.000000 1.000000
0.000000 0.000000 1.000000
0.000000 0.000000 1.000000
0.000000 0.000000 1.000000
0.000000 0.000000 1.000000
0.000000 0.000000 1.000000
0.000000 0.000000 1.000000
0.000000 0.000000 1.000000
0.000000 0.000000 1.000000
0.000000 0.000000 1.000000
0.000000 0.000000 1.000000
0.000000 0.000000 1.000000
0.000000 0.000000 1.000000
0.000000 0.000000 1.000000
0.000000 0.000000 1.000000
0.000000 0.000000 1.000000
0.000000 0.000000 1.000000
0.000000 0.000000 1.000000
0.000000 0.000000 1.000000
0.000000 0.000000 1.000000
0.000000 0.000000 1.000000
0.000000 0.000000 1.000000
0.000000 0.000000 1.000000
0.000000 0.000000 1.000000
0.000000 0.000000 1.000000
0.000000 0.000000 1.000000
0.000000 0.000000 1.000000
0.000000 0.000000 1.000000
0.000000 0.000000 1.000000
0.000000 0.000000 1.000000
0.000000 0.000000 1.000000
0.000000 0.000000 1.000000
0.000000 0.000000 1.000000
0.000000 0.000000 1.000000
0.000000 0.000000 1.000000
0.000000 0.000000 1.000000
0.000000 0.000000 1.000000
0.000000 0.000000 1.000000
0.000000 0.000000 1.000000
0.000000 0.000000 1.000000
0.000000 0.000000 1.000000
0.000000 0.000000 1.000000
0.000000 0.000000 1.000000
0.000000 0.000000 1.000000
0.000000 0.000000 1.000000
0.000000 0.000000 1.000000
0.000000 0.000000 1.000000
0.000000 0.000000 1.000000
0.000000 0.000000 1.000000
0.000000 0.000000 1.000000
0.000000 0.000000 1.000000
0.000000 0.000000 1.000000
0.000000 0.000000 1.000000
0.000000 0.000000 1.000000
0.000000 0.000000 1.000000
0.000000 0.000000 1.000000
0.000000 0.000000 1.000000
0.000000 0.000000 1.000000
0.000000 0.000000 1.000000
0.000000 0.000000 1.000000
0.000000 0.000000 1.000000
0.000000 0.000000 1.000000
0.000000 0.000000 1.000000
0.000000 0.000000 1.000000
0.000000 0.000000 1.000000
0.000000 0.000000 1.000000
0.000000 0.000000 1.000000
0.000000 0.000000 1.000000
0.000000 0.000000 1.000000
0.000000 0.000000 1.000000
0.000000 0.000000 1.000000
0.000000 0.000000 1.000000
0.000000 0.000000 1.000000
0.000000 0.000000 1.000000
0.000000 0.000000 1.000000
0.000000 0.000000 1.000000
0.000000 0.000000 1.000000
0.000000 0.000000 1.000000
0.000000 0.000000 1.000000
0.000000 0.000000 1.000000
0.000000 0.000000 1.000000
0.000000 0.000000 1.000000
0.000000 0.000000 1.000000
0.000000 0.000000 1.000000
0.000000 0.000000 1.000000
0.000000 0.000000 1.000000
0.000000 0.000000 1.000000
0.000000 0.000000 1.000000
0.000000 0.000000 1.000000
0.000000 0.000000 1.000000
0.000000 0.000000 1.000000
0.000000 0.000000 1.000000
0.000000 0.000000 1.000000
0.000000 0.000000 1.000000
0.000000 0.000000 1.000000
0.000000 0.000000 1.000000
0.000000 0.000000 1.000000
0.000000 0.000000 1.000000
0.000000 0.000000 1.000000
0.000000 0.000000 1.000000
0.000000 0.000000 1.000000
0.000000 0.000000 1.000000
0.000000 0.000000 1.000000
0.000000 0.000000 1.000000
0.000000 0.000000 1.000000
0.000000 0.000000 1.000000
0.000000 0.000000 1.000000
0.000000 0.000000 1.000000
0.000000 0.000000 1.000000
0.000000 0.000000 1.000000
0.000000 0.000000 1.000000
0.000000 0.000000 1.000000
0.000000 0.000000 1.000000
0.000000 0.000000 1.000000
0.000000 0.000000 1.000000
0.000000 0.000000 1.000000
0.000000 0.000000 1.000000
0.000000 0.000000 1.000000
0.000000 0.000000 1.000000
0.000000 0.000000 1.000000
0.000000 0.000000 1.000000
0.000000 0.000000 1.000000
0.000000 0.000000 1.000000
0.000000 0.000000 1.000000
0.000000 0.000000 1.000000
0.000000 0.000000 1.000000
0.000000 0.000000 1.000000
0.000000 0.000000 1.000000
0.000000 0.000000 1.000000
0.000000 0.000000 1.000000
0.000000 0.000000 1.000000
0.000000 0.000000 1.000000
0.000000 0.000000 1.000000
0.000000 0.000000 1.000000
0.000000 0.000000 1.000000
0.000000 0.000000 1.000000
0.000000 0.000000 1.000000
0.000000 0.000000 1.000000
0.000000 0.000000 1.000000
</float_array>
          <technique_common>
            <accessor source="#ic_duvar010-Normal0-array" count="624" stride="3">
              <param name="X" type="float"/>
              <param name="Y" type="float"/>
              <param name="Z" type="float"/>
            </accessor>
          </technique_common>
        </source>
        <vertices id="ic_duvar010-VERTEX">
          <input semantic="POSITION" source="#ic_duvar010-POSITION"/>
        </vertices>
        <triangles count="208">
          <input semantic="VERTEX" offset="0" source="#ic_duvar010-VERTEX"/>
          <input semantic="NORMAL" offset="1" source="#ic_duvar010-Normal0"/>
          <p> 0 0 1 1 11 2 0 3 11 4 10 5 1 6 2 7 12 8 1 9 12 10 11 11 2 12 3 13 13 14 2 15 13 16 12 17 3 18 4 19 14 20 3 21 14 22 13 23 4 24 5 25 15 26 4 27 15 28 14 29 5 30 6 31 16 32 5 33 16 34 15 35 6 36 7 37 17 38 6 39 17 40 16 41 7 42 8 43 18 44 7 45 18 46 17 47 8 48 9 49 19 50 8 51 19 52 18 53 9 54 0 55 10 56 9 57 10 58 19 59 20 60 21 61 65 62 20 63 65 64 64 65 21 66 22 67 66 68 21 69 66 70 65 71 22 72 23 73 67 74 22 75 67 76 66 77 23 78 24 79 68 80 23 81 68 82 67 83 24 84 25 85 69 86 24 87 69 88 68 89 25 90 26 91 70 92 25 93 70 94 69 95 26 96 27 97 71 98 26 99 71 100 70 101 27 102 28 103 72 104 27 105 72 106 71 107 28 108 29 109 73 110 28 111 73 112 72 113 29 114 30 115 74 116 29 117 74 118 73 119 30 120 31 121 75 122 30 123 75 124 74 125 31 126 32 127 76 128 31 129 76 130 75 131 32 132 33 133 77 134 32 135 77 136 76 137 33 138 34 139 78 140 33 141 78 142 77 143 34 144 35 145 79 146 34 147 79 148 78 149 35 150 36 151 80 152 35 153 80 154 79 155 36 156 37 157 81 158 36 159 81 160 80 161 37 162 38 163 82 164 37 165 82 166 81 167 38 168 39 169 83 170 38 171 83 172 82 173 39 174 40 175 84 176 39 177 84 178 83 179 40 180 41 181 85 182 40 183 85 184 84 185 41 186 42 187 86 188 41 189 86 190 85 191 42 192 43 193 87 194 42 195 87 196 86 197 43 198 44 199 88 200 43 201 88 202 87 203 44 204 45 205 89 206 44 207 89 208 88 209 45 210 46 211 90 212 45 213 90 214 89 215 46 216 47 217 91 218 46 219 91 220 90 221 47 222 48 223 92 224 47 225 92 226 91 227 48 228 49 229 93 230 48 231 93 232 92 233 49 234 50 235 94 236 49 237 94 238 93 239 50 240 51 241 95 242 50 243 95 244 94 245 51 246 52 247 96 248 51 249 96 250 95 251 52 252 53 253 97 254 52 255 97 256 96 257 53 258 54 259 98 260 53 261 98 262 97 263 54 264 55 265 99 266 54 267 99 268 98 269 55 270 56 271 100 272 55 273 100 274 99 275 56 276 57 277 101 278 56 279 101 280 100 281 57 282 58 283 102 284 57 285 102 286 101 287 58 288 59 289 103 290 58 291 103 292 102 293 59 294 60 295 104 296 59 297 104 298 103 299 60 300 61 301 105 302 60 303 105 304 104 305 61 306 62 307 106 308 61 309 106 310 105 311 62 312 63 313 107 314 62 315 107 316 106 317 63 318 20 319 64 320 63 321 64 322 107 323 9 324 1 325 0 326 8 327 1 328 9 329 7 330 1 331 8 332 7 333 2 334 1 335 6 336 2 337 7 338 6 339 3 340 2 341 5 342 3 343 6 344 5 345 4 346 3 347 63 348 21 349 20 350 62 351 21 352 63 353 62 354 22 355 21 356 61 357 22 358 62 359 61 360 23 361 22 362 60 363 23 364 61 365 60 366 24 367 23 368 59 369 24 370 60 371 59 372 25 373 24 374 58 375 25 376 59 377 58 378 26 379 25 380 57 381 26 382 58 383 57 384 27 385 26 386 56 387 27 388 57 389 56 390 28 391 27 392 55 393 28 394 56 395 55 396 29 397 28 398 54 399 29 400 55 401 54 402 30 403 29 404 53 405 30 406 54 407 53 408 31 409 30 410 52 411 31 412 53 413 52 414 32 415 31 416 51 417 32 418 52 419 51 420 33 421 32 422 50 423 33 424 51 425 50 426 34 427 33 428 49 429 34 430 50 431 49 432 35 433 34 434 48 435 35 436 49 437 48 438 36 439 35 440 47 441 36 442 48 443 47 444 37 445 36 446 46 447 37 448 47 449 46 450 38 451 37 452 45 453 38 454 46 455 45 456 39 457 38 458 44 459 39 460 45 461 44 462 40 463 39 464 43 465 40 466 44 467 40 468 42 469 41 470 43 471 42 472 40 473 19 474 10 475 11 476 18 477 19 478 11 479 17 480 18 481 11 482 17 483 11 484 12 485 16 486 17 487 12 488 16 489 12 490 13 491 15 492 16 493 13 494 15 495 13 496 14 497 107 498 64 499 65 500 106 501 107 502 65 503 106 504 65 505 66 506 105 507 106 508 66 509 105 510 66 511 67 512 104 513 105 514 67 515 104 516 67 517 68 518 103 519 104 520 68 521 103 522 68 523 69 524 102 525 103 526 69 527 102 528 69 529 70 530 101 531 102 532 70 533 101 534 70 535 71 536 100 537 101 538 71 539 100 540 71 541 72 542 99 543 100 544 72 545 99 546 72 547 73 548 98 549 99 550 73 551 98 552 73 553 74 554 97 555 98 556 74 557 97 558 74 559 75 560 96 561 97 562 75 563 96 564 75 565 76 566 95 567 96 568 76 569 95 570 76 571 77 572 94 573 95 574 77 575 94 576 77 577 78 578 93 579 94 580 78 581 93 582 78 583 79 584 92 585 93 586 79 587 92 588 79 589 80 590 91 591 92 592 80 593 91 594 80 595 81 596 90 597 91 598 81 599 90 600 81 601 82 602 89 603 90 604 82 605 89 606 82 607 83 608 88 609 89 610 83 611 88 612 83 613 84 614 87 615 88 616 84 617 84 618 85 619 86 620 87 621 84 622 86 623</p>
        </triangles>
      </mesh>
    </geometry>
    <geometry id="ic_duvar011-lib" name="ic_duvar011Mesh">
      <mesh>
        <source id="ic_duvar011-POSITION">
          <float_array id="ic_duvar011-POSITION-array" count="396">
71.097168 -557.257812 0.000000
-236.614182 -557.258179 0.000000
-236.614243 -174.133957 0.000000
311.417206 -174.133835 0.000000
311.417206 -167.901505 0.000000
311.417236 -164.985229 0.000000
311.417236 -168.701019 0.000000
311.417236 -182.364899 0.000000
311.417297 -209.293015 0.000000
311.417297 -252.801270 0.000000
311.417267 -316.205780 0.000000
323.228302 -316.205780 0.000000
323.228302 -252.456940 0.000000
323.228302 -207.984497 0.000000
323.228271 -179.575760 0.000000
323.228241 -164.017929 0.000000
323.228302 -158.098358 0.000000
323.228271 -158.604233 0.000000
323.228241 -162.322830 0.000000
-248.425278 -162.322861 0.000000
-248.425186 -569.068909 0.000000
71.097168 -569.068848 0.000000
71.097168 -557.257812 39.370079
-236.614182 -557.258179 39.370079
-236.614243 -174.133957 39.370079
311.417206 -174.133835 39.370079
311.417206 -167.901505 39.370079
311.417236 -164.985229 39.370079
311.417236 -168.701019 39.370079
311.417236 -182.364899 39.370079
311.417297 -209.293015 39.370079
311.417297 -252.801270 39.370079
311.417267 -316.205780 39.370079
323.228302 -316.205780 39.370079
323.228302 -252.456940 39.370079
323.228302 -207.984497 39.370079
323.228271 -179.575760 39.370079
323.228241 -164.017929 39.370079
323.228302 -158.098358 39.370079
323.228271 -158.604233 39.370079
323.228241 -162.322830 39.370079
-248.425278 -162.322861 39.370079
-248.425186 -569.068909 39.370079
71.097168 -569.068848 39.370079
318.837463 -305.241180 0.000000
302.293884 -312.215607 0.000000
286.047485 -319.820312 0.000000
270.116333 -328.045074 0.000000
254.518494 -336.879456 0.000000
239.272125 -346.313263 0.000000
224.395126 -356.336121 0.000000
209.905640 -366.937622 0.000000
195.837616 -378.094849 0.000000
182.223038 -389.781586 0.000000
169.077316 -401.982147 0.000000
156.415771 -414.681000 0.000000
144.253937 -427.862732 0.000000
132.607132 -441.511597 0.000000
121.490791 -455.612091 0.000000
110.150909 -472.122742 0.000000
98.334549 -491.689880 0.000000
86.851265 -512.273621 0.000000
76.510590 -531.833984 0.000000
68.122108 -548.331421 0.000000
62.495346 -559.725708 0.000000
60.439854 -563.977112 0.000000
71.096985 -569.068848 0.000000
73.116066 -564.887634 0.000000
78.641113 -553.684692 0.000000
86.873840 -537.471252 0.000000
97.015953 -518.257874 0.000000
108.269203 -498.056122 0.000000
119.835197 -478.876617 0.000000
130.915741 -462.730499 0.000000
141.749237 -448.988403 0.000000
153.097061 -435.689575 0.000000
164.945282 -422.847900 0.000000
177.279968 -410.477356 0.000000
190.087280 -398.592072 0.000000
203.353165 -387.205688 0.000000
217.063751 -376.332397 0.000000
231.186096 -365.999481 0.000000
245.685028 -356.231506 0.000000
260.543427 -347.038208 0.000000
275.744049 -338.429199 0.000000
291.269958 -330.414398 0.000000
307.103729 -323.003296 0.000000
323.228271 -316.205719 0.000000
318.837463 -305.241180 39.370079
302.293884 -312.215607 39.370079
286.047485 -319.820312 39.370079
270.116333 -328.045074 39.370079
254.518494 -336.879456 39.370079
239.272125 -346.313263 39.370079
224.395126 -356.336121 39.370079
209.905640 -366.937622 39.370079
195.837616 -378.094849 39.370079
182.223038 -389.781586 39.370079
169.077316 -401.982147 39.370079
156.415771 -414.681000 39.370079
144.253937 -427.862732 39.370079
132.607132 -441.511597 39.370079
121.490791 -455.612091 39.370079
110.150909 -472.122742 39.370079
98.334549 -491.689880 39.370079
86.851265 -512.273621 39.370079
76.510590 -531.833984 39.370079
68.122108 -548.331421 39.370079
62.495346 -559.725708 39.370079
60.439854 -563.977112 39.370079
71.096985 -569.068848 39.370079
73.116066 -564.887634 39.370079
78.641113 -553.684692 39.370079
86.873840 -537.471252 39.370079
97.015953 -518.257874 39.370079
108.269203 -498.056122 39.370079
119.835197 -478.876617 39.370079
130.915741 -462.730499 39.370079
141.749237 -448.988403 39.370079
153.097061 -435.689575 39.370079
164.945282 -422.847900 39.370079
177.279968 -410.477356 39.370079
190.087280 -398.592072 39.370079
203.353165 -387.205688 39.370079
217.063751 -376.332397 39.370079
231.186096 -365.999481 39.370079
245.685028 -356.231506 39.370079
260.543427 -347.038208 39.370079
275.744049 -338.429199 39.370079
291.269958 -330.414398 39.370079
307.103729 -323.003296 39.370079
323.228271 -316.205719 39.370079
</float_array>
          <technique_common>
            <accessor source="#ic_duvar011-POSITION-array" count="132" stride="3">
              <param name="X" type="float"/>
              <param name="Y" type="float"/>
              <param name="Z" type="float"/>
            </accessor>
          </technique_common>
        </source>
        <source id="ic_duvar011-Normal0">
          <float_array id="ic_duvar011-Normal0-array" count="2304">
-0.000001 1.000000 0.000000
-0.000001 1.000000 0.000000
-0.000001 1.000000 0.000000
-0.000001 1.000000 0.000000
-0.000001 1.000000 0.000000
-0.000001 1.000000 0.000000
1.000000 0.000000 0.000000
1.000000 0.000000 0.000000
1.000000 0.000000 0.000000
1.000000 0.000000 0.000000
1.000000 0.000000 0.000000
1.000000 0.000000 0.000000
0.000000 -1.000000 0.000000
0.000000 -1.000000 0.000000
0.000000 -1.000000 0.000000
0.000000 -1.000000 0.000000
0.000000 -1.000000 0.000000
0.000000 -1.000000 0.000000
1.000000 0.000000 0.000000
1.000000 -0.000005 0.000000
1.000000 -0.000005 0.000000
1.000000 0.000000 0.000000
1.000000 -0.000005 0.000000
1.000000 0.000000 0.000000
1.000000 -0.000005 0.000000
-0.019487 -0.999810 0.000000
-0.028997 -0.999580 0.000000
1.000000 -0.000005 0.000000
-0.028997 -0.999580 0.000000
1.000000 -0.000005 0.000000
-0.019487 -0.999810 0.000000
-1.000000 0.000000 0.000000
-1.000000 0.000000 0.000000
-0.019487 -0.999810 0.000000
-1.000000 0.000000 0.000000
-0.028997 -0.999580 0.000000
-1.000000 0.000000 0.000000
-1.000000 -0.000001 0.000000
-1.000000 -0.000001 0.000000
-1.000000 0.000000 0.000000
-1.000000 -0.000001 0.000000
-1.000000 0.000000 0.000000
-1.000000 -0.000001 0.000000
-1.000000 -0.000001 0.000000
-1.000000 -0.000001 0.000000
-1.000000 -0.000001 0.000000
-1.000000 -0.000001 0.000000
-1.000000 -0.000001 0.000000
-1.000000 -0.000001 0.000000
-1.000000 0.000000 0.000000
-1.000000 0.000000 0.000000
-1.000000 -0.000001 0.000000
-1.000000 0.000000 0.000000
-1.000000 -0.000001 0.000000
-1.000000 0.000000 0.000000
-1.000000 0.000000 0.000000
-1.000000 0.000000 0.000000
-1.000000 0.000000 0.000000
-1.000000 0.000000 0.000000
-1.000000 0.000000 0.000000
0.000000 -1.000000 0.000000
0.000000 -1.000000 0.000000
0.000000 -1.000000 0.000000
0.000000 -1.000000 0.000000
0.000000 -1.000000 0.000000
0.000000 -1.000000 0.000000
1.000000 0.000000 0.000000
1.000000 0.000000 0.000000
1.000000 0.000000 0.000000
1.000000 0.000000 0.000000
1.000000 0.000000 0.000000
1.000000 0.000000 0.000000
1.000000 0.000000 0.000000
1.000000 0.000001 0.000000
1.000000 0.000001 0.000000
1.000000 0.000000 0.000000
1.000000 0.000001 0.000000
1.000000 0.000000 0.000000
1.000000 0.000001 0.000000
1.000000 0.000002 0.000000
1.000000 0.000002 0.000000
1.000000 0.000001 0.000000
1.000000 0.000002 0.000000
1.000000 0.000001 0.000000
1.000000 0.000002 0.000000
1.000000 -0.000004 0.000000
1.000000 -0.000004 0.000000
1.000000 0.000002 0.000000
1.000000 -0.000004 0.000000
1.000000 0.000002 0.000000
1.000000 -0.000004 0.000000
-0.011533 0.999933 0.000000
0.003035 0.999995 0.000000
1.000000 -0.000004 0.000000
0.003035 0.999995 0.000000
1.000000 -0.000004 0.000000
-0.011533 0.999933 0.000000
-1.000000 0.000034 0.000000
-1.000000 0.000034 0.000000
-0.011533 0.999933 0.000000
-1.000000 0.000034 0.000000
0.003035 0.999995 0.000000
-1.000000 0.000034 0.000000
-1.000000 0.000008 0.000000
-1.000000 0.000008 0.000000
-1.000000 0.000034 0.000000
-1.000000 0.000008 0.000000
-1.000000 0.000034 0.000000
-0.000000 1.000000 0.000000
-0.000000 1.000000 0.000000
-0.000000 1.000000 0.000000
-0.000000 1.000000 0.000000
-0.000000 1.000000 0.000000
-0.000000 1.000000 0.000000
-1.000000 -0.000000 0.000000
-1.000000 -0.000000 0.000000
-1.000000 -0.000000 0.000000
-1.000000 -0.000000 0.000000
-1.000000 -0.000000 0.000000
-1.000000 -0.000000 0.000000
0.000000 -1.000000 0.000000
0.000000 -1.000000 0.000000
0.000000 -1.000000 0.000000
0.000000 -1.000000 0.000000
0.000000 -1.000000 0.000000
0.000000 -1.000000 0.000000
1.000000 0.000000 0.000000
1.000000 0.000000 0.000000
1.000000 0.000000 0.000000
1.000000 0.000000 0.000000
1.000000 0.000000 0.000000
1.000000 0.000000 0.000000
-0.388469 0.921462 0.000000
-0.406281 0.913748 0.000000
-0.406281 0.913748 0.000000
-0.388469 0.921462 0.000000
-0.406281 0.913748 0.000000
-0.388469 0.921462 0.000000
-0.406281 0.913748 0.000000
-0.441424 0.897299 0.000000
-0.441424 0.897299 0.000000
-0.406281 0.913748 0.000000
-0.441424 0.897299 0.000000
-0.406281 0.913748 0.000000
-0.441424 0.897299 0.000000
-0.475873 0.879514 0.000000
-0.475873 0.879514 0.000000
-0.441424 0.897299 0.000000
-0.475873 0.879514 0.000000
-0.441424 0.897299 0.000000
-0.475873 0.879514 0.000000
-0.509597 0.860413 0.000000
-0.509597 0.860413 0.000000
-0.475873 0.879514 0.000000
-0.509597 0.860413 0.000000
-0.475873 0.879514 0.000000
-0.509597 0.860413 0.000000
-0.542560 0.840017 0.000000
-0.542560 0.840017 0.000000
-0.509597 0.860413 0.000000
-0.542560 0.840017 0.000000
-0.509597 0.860413 0.000000
-0.542560 0.840017 0.000000
-0.574723 0.818348 0.000000
-0.574723 0.818348 0.000000
-0.542560 0.840017 0.000000
-0.574723 0.818348 0.000000
-0.542560 0.840017 0.000000
-0.574723 0.818348 0.000000
-0.606054 0.795424 0.000000
-0.606054 0.795424 0.000000
-0.574723 0.818348 0.000000
-0.606054 0.795424 0.000000
-0.574723 0.818348 0.000000
-0.606054 0.795424 0.000000
-0.636485 0.771289 0.000000
-0.636485 0.771289 0.000000
-0.606054 0.795424 0.000000
-0.636485 0.771289 0.000000
-0.606054 0.795424 0.000000
-0.636485 0.771289 0.000000
-0.665928 0.746016 0.000000
-0.665928 0.746016 0.000000
-0.636485 0.771289 0.000000
-0.665928 0.746016 0.000000
-0.636485 0.771289 0.000000
-0.665928 0.746016 0.000000
-0.694336 0.719651 0.000000
-0.694336 0.719651 0.000000
-0.665928 0.746016 0.000000
-0.694336 0.719651 0.000000
-0.665928 0.746016 0.000000
-0.694336 0.719651 0.000000
-0.721693 0.692214 0.000000
-0.721693 0.692214 0.000000
-0.694336 0.719651 0.000000
-0.721693 0.692214 0.000000
-0.694336 0.719651 0.000000
-0.721693 0.692214 0.000000
-0.747971 0.663732 0.000000
-0.747971 0.663732 0.000000
-0.721693 0.692214 0.000000
-0.747971 0.663732 0.000000
-0.721693 0.692214 0.000000
-0.747971 0.663732 0.000000
-0.773145 0.634229 0.000000
-0.773145 0.634229 0.000000
-0.747971 0.663732 0.000000
-0.773145 0.634229 0.000000
-0.747971 0.663732 0.000000
-0.773145 0.634229 0.000000
-0.805240 0.592949 0.000000
-0.805240 0.592949 0.000000
-0.773145 0.634229 0.000000
-0.805240 0.592949 0.000000
-0.773145 0.634229 0.000000
-0.805240 0.592949 0.000000
-0.840522 0.541777 0.000000
-0.840522 0.541777 0.000000
-0.805240 0.592949 0.000000
-0.840522 0.541777 0.000000
-0.805240 0.592949 0.000000
-0.840522 0.541777 0.000000
-0.864785 0.502142 0.000000
-0.864785 0.502142 0.000000
-0.840522 0.541777 0.000000
-0.864785 0.502142 0.000000
-0.840522 0.541777 0.000000
-0.864785 0.502142 0.000000
-0.878735 0.477310 0.000000
-0.878735 0.477310 0.000000
-0.864785 0.502142 0.000000
-0.878735 0.477310 0.000000
-0.864785 0.502142 0.000000
-0.878735 0.477310 0.000000
-0.887753 0.460319 0.000000
-0.887753 0.460319 0.000000
-0.878735 0.477310 0.000000
-0.887753 0.460319 0.000000
-0.878735 0.477310 0.000000
-0.887753 0.460319 0.000000
-0.894024 0.448019 0.000000
-0.894024 0.448019 0.000000
-0.887753 0.460319 0.000000
-0.894024 0.448019 0.000000
-0.887753 0.460319 0.000000
-0.894024 0.448019 0.000000
-0.898471 0.439032 0.000000
-0.898471 0.439032 0.000000
-0.894024 0.448019 0.000000
-0.898471 0.439032 0.000000
-0.894024 0.448019 0.000000
-0.898471 0.439032 0.000000
-0.900295 0.435280 0.000000
-0.900295 0.435280 0.000000
-0.898471 0.439032 0.000000
-0.900295 0.435280 0.000000
-0.898471 0.439032 0.000000
-0.431100 -0.902304 0.000000
-0.431100 -0.902304 0.000000
-0.431100 -0.902304 0.000000
-0.431100 -0.902304 0.000000
-0.431100 -0.902304 0.000000
-0.431100 -0.902304 0.000000
0.900504 -0.434848 0.000000
0.898690 -0.438584 0.000000
0.898690 -0.438584 0.000000
0.900504 -0.434848 0.000000
0.898690 -0.438584 0.000000
0.900504 -0.434848 0.000000
0.898690 -0.438584 0.000000
0.894265 -0.447538 0.000000
0.894265 -0.447538 0.000000
0.898690 -0.438584 0.000000
0.894265 -0.447538 0.000000
0.898690 -0.438584 0.000000
0.894265 -0.447538 0.000000
0.888023 -0.459799 0.000000
0.888023 -0.459799 0.000000
0.894265 -0.447538 0.000000
0.888023 -0.459799 0.000000
0.894265 -0.447538 0.000000
0.888023 -0.459799 0.000000
0.879034 -0.476758 0.000000
0.879034 -0.476758 0.000000
0.888023 -0.459799 0.000000
0.879034 -0.476758 0.000000
0.888023 -0.459799 0.000000
0.879034 -0.476758 0.000000
0.865102 -0.501596 0.000000
0.865102 -0.501596 0.000000
0.879034 -0.476758 0.000000
0.865102 -0.501596 0.000000
0.879034 -0.476758 0.000000
0.865102 -0.501596 0.000000
0.840793 -0.541357 0.000000
0.840793 -0.541357 0.000000
0.865102 -0.501596 0.000000
0.840793 -0.541357 0.000000
0.865102 -0.501596 0.000000
0.840793 -0.541357 0.000000
0.805356 -0.592792 0.000000
0.805356 -0.592792 0.000000
0.840793 -0.541357 0.000000
0.805356 -0.592792 0.000000
0.840793 -0.541357 0.000000
0.805356 -0.592792 0.000000
0.773153 -0.634219 0.000000
0.773153 -0.634219 0.000000
0.805356 -0.592792 0.000000
0.773153 -0.634219 0.000000
0.805356 -0.592792 0.000000
0.773153 -0.634219 0.000000
0.747973 -0.663729 0.000000
0.747973 -0.663729 0.000000
0.773153 -0.634219 0.000000
0.747973 -0.663729 0.000000
0.773153 -0.634219 0.000000
0.747973 -0.663729 0.000000
0.721684 -0.692223 0.000000
0.721684 -0.692223 0.000000
0.747973 -0.663729 0.000000
0.721684 -0.692223 0.000000
0.747973 -0.663729 0.000000
0.721684 -0.692223 0.000000
0.694311 -0.719675 0.000000
0.694311 -0.719675 0.000000
0.721684 -0.692223 0.000000
0.694311 -0.719675 0.000000
0.721684 -0.692223 0.000000
0.694311 -0.719675 0.000000
0.665893 -0.746047 0.000000
0.665893 -0.746047 0.000000
0.694311 -0.719675 0.000000
0.665893 -0.746047 0.000000
0.694311 -0.719675 0.000000
0.665893 -0.746047 0.000000
0.636460 -0.771310 0.000000
0.636460 -0.771310 0.000000
0.665893 -0.746047 0.000000
0.636460 -0.771310 0.000000
0.665893 -0.746047 0.000000
0.636460 -0.771310 0.000000
0.606046 -0.795429 0.000000
0.606046 -0.795429 0.000000
0.636460 -0.771310 0.000000
0.606046 -0.795429 0.000000
0.636460 -0.771310 0.000000
0.606046 -0.795429 0.000000
0.574721 -0.818350 0.000000
0.574721 -0.818350 0.000000
0.606046 -0.795429 0.000000
0.574721 -0.818350 0.000000
0.606046 -0.795429 0.000000
0.574721 -0.818350 0.000000
0.542548 -0.840025 0.000000
0.542548 -0.840025 0.000000
0.574721 -0.818350 0.000000
0.542548 -0.840025 0.000000
0.574721 -0.818350 0.000000
0.542548 -0.840025 0.000000
0.509580 -0.860424 0.000000
0.509580 -0.860424 0.000000
0.542548 -0.840025 0.000000
0.509580 -0.860424 0.000000
0.542548 -0.840025 0.000000
0.509580 -0.860424 0.000000
0.475848 -0.879527 0.000000
0.475848 -0.879527 0.000000
0.509580 -0.860424 0.000000
0.475848 -0.879527 0.000000
0.509580 -0.860424 0.000000
0.475848 -0.879527 0.000000
0.441396 -0.897312 0.000000
0.441396 -0.897312 0.000000
0.475848 -0.879527 0.000000
0.441396 -0.897312 0.000000
0.475848 -0.879527 0.000000
0.441396 -0.897312 0.000000
0.406266 -0.913755 0.000000
0.406266 -0.913755 0.000000
0.441396 -0.897312 0.000000
0.406266 -0.913755 0.000000
0.441396 -0.897312 0.000000
0.406266 -0.913755 0.000000
0.388460 -0.921466 0.000000
0.388460 -0.921466 0.000000
0.406266 -0.913755 0.000000
0.388460 -0.921466 0.000000
0.406266 -0.913755 0.000000
0.928331 0.371755 0.000000
0.928331 0.371755 0.000000
0.928331 0.371755 0.000000
0.928331 0.371755 0.000000
0.928331 0.371755 0.000000
0.928331 0.371755 0.000000
0.000000 0.000000 -1.000000
0.000000 0.000000 -1.000000
0.000000 0.000000 -1.000000
0.000000 0.000000 -1.000000
0.000000 0.000000 -1.000000
0.000000 0.000000 -1.000000
0.000000 0.000000 -1.000000
0.000000 0.000000 -1.000000
0.000000 0.000000 -1.000000
0.000000 0.000000 -1.000000
0.000000 0.000000 -1.000000
0.000000 0.000000 -1.000000
0.000000 0.000000 -1.000000
0.000000 0.000000 -1.000000
0.000000 0.000000 -1.000000
0.000000 0.000000 -1.000000
0.000000 0.000000 -1.000000
0.000000 0.000000 -1.000000
0.000000 0.000000 -1.000000
0.000000 0.000000 -1.000000
0.000000 0.000000 -1.000000
0.000000 0.000000 -1.000000
0.000000 0.000000 -1.000000
0.000000 0.000000 -1.000000
0.000000 0.000000 -1.000000
0.000000 0.000000 -1.000000
0.000000 0.000000 -1.000000
0.000000 0.000000 -1.000000
0.000000 0.000000 -1.000000
0.000000 0.000000 -1.000000
0.000000 0.000000 -1.000000
0.000000 0.000000 -1.000000
0.000000 0.000000 -1.000000
0.000000 0.000000 -1.000000
0.000000 0.000000 -1.000000
0.000000 0.000000 -1.000000
0.000000 0.000000 -1.000000
0.000000 0.000000 -1.000000
0.000000 0.000000 -1.000000
0.000000 0.000000 -1.000000
0.000000 0.000000 -1.000000
0.000000 0.000000 -1.000000
0.000000 0.000000 -1.000000
0.000000 0.000000 -1.000000
0.000000 0.000000 -1.000000
0.000000 0.000000 -1.000000
0.000000 0.000000 -1.000000
0.000000 0.000000 -1.000000
0.000000 0.000000 -1.000000
0.000000 0.000000 -1.000000
0.000000 0.000000 -1.000000
0.000000 0.000000 -1.000000
0.000000 0.000000 -1.000000
0.000000 0.000000 -1.000000
0.000000 0.000000 -1.000000
0.000000 0.000000 -1.000000
0.000000 0.000000 -1.000000
0.000000 0.000000 -1.000000
0.000000 0.000000 -1.000000
0.000000 0.000000 -1.000000
0.000000 0.000000 -1.000000
0.000000 0.000000 -1.000000
0.000000 0.000000 -1.000000
0.000000 0.000000 -1.000000
0.000000 0.000000 -1.000000
0.000000 0.000000 -1.000000
0.000000 0.000000 -1.000000
0.000000 0.000000 -1.000000
0.000000 0.000000 -1.000000
0.000000 0.000000 -1.000000
0.000000 0.000000 -1.000000
0.000000 0.000000 -1.000000
0.000000 0.000000 -1.000000
0.000000 0.000000 -1.000000
0.000000 0.000000 -1.000000
0.000000 0.000000 -1.000000
0.000000 0.000000 -1.000000
0.000000 0.000000 -1.000000
0.000000 0.000000 -1.000000
0.000000 0.000000 -1.000000
0.000000 0.000000 -1.000000
0.000000 0.000000 -1.000000
0.000000 0.000000 -1.000000
0.000000 0.000000 -1.000000
0.000000 0.000000 -1.000000
0.000000 0.000000 -1.000000
0.000000 0.000000 -1.000000
0.000000 0.000000 -1.000000
0.000000 0.000000 -1.000000
0.000000 0.000000 -1.000000
0.000000 0.000000 -1.000000
0.000000 0.000000 -1.000000
0.000000 0.000000 -1.000000
0.000000 0.000000 -1.000000
0.000000 0.000000 -1.000000
0.000000 0.000000 -1.000000
0.000000 0.000000 -1.000000
0.000000 0.000000 -1.000000
0.000000 0.000000 -1.000000
0.000000 0.000000 -1.000000
0.000000 0.000000 -1.000000
0.000000 0.000000 -1.000000
0.000000 0.000000 -1.000000
0.000000 0.000000 -1.000000
0.000000 0.000000 -1.000000
0.000000 0.000000 -1.000000
0.000000 0.000000 -1.000000
0.000000 0.000000 -1.000000
0.000000 0.000000 -1.000000
0.000000 0.000000 -1.000000
0.000000 0.000000 -1.000000
0.000000 0.000000 -1.000000
0.000000 0.000000 -1.000000
0.000000 0.000000 -1.000000
0.000000 0.000000 -1.000000
0.000000 0.000000 -1.000000
0.000000 0.000000 -1.000000
0.000000 0.000000 -1.000000
0.000000 0.000000 -1.000000
0.000000 0.000000 -1.000000
0.000000 0.000000 -1.000000
0.000000 0.000000 -1.000000
0.000000 0.000000 -1.000000
0.000000 0.000000 -1.000000
0.000000 0.000000 -1.000000
0.000000 0.000000 -1.000000
0.000000 0.000000 -1.000000
0.000000 0.000000 -1.000000
0.000000 0.000000 -1.000000
0.000000 0.000000 -1.000000
0.000000 0.000000 -1.000000
0.000000 0.000000 -1.000000
0.000000 0.000000 -1.000000
0.000000 0.000000 -1.000000
0.000000 0.000000 -1.000000
0.000000 0.000000 -1.000000
0.000000 0.000000 -1.000000
0.000000 0.000000 -1.000000
0.000000 0.000000 -1.000000
0.000000 0.000000 -1.000000
0.000000 0.000000 -1.000000
0.000000 0.000000 -1.000000
0.000000 0.000000 -1.000000
0.000000 0.000000 -1.000000
0.000000 0.000000 -1.000000
0.000000 0.000000 -1.000000
0.000000 0.000000 -1.000000
0.000000 0.000000 -1.000000
0.000000 0.000000 -1.000000
0.000000 0.000000 -1.000000
0.000000 0.000000 -1.000000
0.000000 0.000000 -1.000000
0.000000 0.000000 -1.000000
0.000000 0.000000 -1.000000
0.000000 0.000000 -1.000000
0.000000 0.000000 -1.000000
0.000000 0.000000 -1.000000
0.000000 0.000000 -1.000000
0.000000 0.000000 -1.000000
0.000000 0.000000 -1.000000
0.000000 0.000000 -1.000000
0.000000 0.000000 -1.000000
0.000000 0.000000 -1.000000
0.000000 0.000000 -1.000000
0.000000 0.000000 -1.000000
0.000000 0.000000 -1.000000
0.000000 0.000000 -1.000000
0.000000 0.000000 -1.000000
0.000000 0.000000 -1.000000
0.000000 0.000000 -1.000000
0.000000 0.000000 -1.000000
0.000000 0.000000 -1.000000
0.000000 0.000000 -1.000000
0.000000 0.000000 -1.000000
0.000000 0.000000 -1.000000
0.000000 0.000000 -1.000000
0.000000 0.000000 -1.000000
0.000000 0.000000 -1.000000
0.000000 0.000000 -1.000000
0.000000 0.000000 -1.000000
0.000000 0.000000 -1.000000
0.000000 0.000000 -1.000000
0.000000 0.000000 -1.000000
0.000000 0.000000 -1.000000
0.000000 0.000000 -1.000000
0.000000 0.000000 -1.000000
0.000000 0.000000 1.000000
0.000000 0.000000 1.000000
0.000000 0.000000 1.000000
0.000000 0.000000 1.000000
0.000000 0.000000 1.000000
0.000000 0.000000 1.000000
0.000000 0.000000 1.000000
0.000000 0.000000 1.000000
0.000000 0.000000 1.000000
0.000000 0.000000 1.000000
0.000000 0.000000 1.000000
0.000000 0.000000 1.000000
0.000000 0.000000 1.000000
0.000000 0.000000 1.000000
0.000000 0.000000 1.000000
0.000000 0.000000 1.000000
0.000000 0.000000 1.000000
0.000000 0.000000 1.000000
0.000000 0.000000 1.000000
0.000000 0.000000 1.000000
0.000000 0.000000 1.000000
0.000000 0.000000 1.000000
0.000000 0.000000 1.000000
0.000000 0.000000 1.000000
0.000000 0.000000 1.000000
0.000000 0.000000 1.000000
0.000000 0.000000 1.000000
0.000000 0.000000 1.000000
0.000000 0.000000 1.000000
0.000000 0.000000 1.000000
0.000000 0.000000 1.000000
0.000000 0.000000 1.000000
0.000000 0.000000 1.000000
0.000000 0.000000 1.000000
0.000000 0.000000 1.000000
0.000000 0.000000 1.000000
0.000000 0.000000 1.000000
0.000000 0.000000 1.000000
0.000000 0.000000 1.000000
0.000000 0.000000 1.000000
0.000000 0.000000 1.000000
0.000000 0.000000 1.000000
0.000000 0.000000 1.000000
0.000000 0.000000 1.000000
0.000000 0.000000 1.000000
0.000000 0.000000 1.000000
0.000000 0.000000 1.000000
0.000000 0.000000 1.000000
0.000000 0.000000 1.000000
0.000000 0.000000 1.000000
0.000000 0.000000 1.000000
0.000000 0.000000 1.000000
0.000000 0.000000 1.000000
0.000000 0.000000 1.000000
0.000000 0.000000 1.000000
0.000000 0.000000 1.000000
0.000000 0.000000 1.000000
0.000000 0.000000 1.000000
0.000000 0.000000 1.000000
0.000000 0.000000 1.000000
0.000000 0.000000 1.000000
0.000000 0.000000 1.000000
0.000000 0.000000 1.000000
0.000000 0.000000 1.000000
0.000000 0.000000 1.000000
0.000000 0.000000 1.000000
0.000000 0.000000 1.000000
0.000000 0.000000 1.000000
0.000000 0.000000 1.000000
0.000000 0.000000 1.000000
0.000000 0.000000 1.000000
0.000000 0.000000 1.000000
0.000000 0.000000 1.000000
0.000000 0.000000 1.000000
0.000000 0.000000 1.000000
0.000000 0.000000 1.000000
0.000000 0.000000 1.000000
0.000000 0.000000 1.000000
0.000000 0.000000 1.000000
0.000000 0.000000 1.000000
0.000000 0.000000 1.000000
0.000000 0.000000 1.000000
0.000000 0.000000 1.000000
0.000000 0.000000 1.000000
0.000000 0.000000 1.000000
0.000000 0.000000 1.000000
0.000000 0.000000 1.000000
0.000000 0.000000 1.000000
0.000000 0.000000 1.000000
0.000000 0.000000 1.000000
0.000000 0.000000 1.000000
0.000000 0.000000 1.000000
0.000000 0.000000 1.000000
0.000000 0.000000 1.000000
0.000000 0.000000 1.000000
0.000000 0.000000 1.000000
0.000000 0.000000 1.000000
0.000000 0.000000 1.000000
0.000000 0.000000 1.000000
0.000000 0.000000 1.000000
0.000000 0.000000 1.000000
0.000000 0.000000 1.000000
0.000000 0.000000 1.000000
0.000000 0.000000 1.000000
0.000000 0.000000 1.000000
0.000000 0.000000 1.000000
0.000000 0.000000 1.000000
0.000000 0.000000 1.000000
0.000000 0.000000 1.000000
0.000000 0.000000 1.000000
0.000000 0.000000 1.000000
0.000000 0.000000 1.000000
0.000000 0.000000 1.000000
0.000000 0.000000 1.000000
0.000000 0.000000 1.000000
0.000000 0.000000 1.000000
0.000000 0.000000 1.000000
0.000000 0.000000 1.000000
0.000000 0.000000 1.000000
0.000000 0.000000 1.000000
0.000000 0.000000 1.000000
0.000000 0.000000 1.000000
0.000000 0.000000 1.000000
0.000000 0.000000 1.000000
0.000000 0.000000 1.000000
0.000000 0.000000 1.000000
0.000000 0.000000 1.000000
0.000000 0.000000 1.000000
0.000000 0.000000 1.000000
0.000000 0.000000 1.000000
0.000000 0.000000 1.000000
0.000000 0.000000 1.000000
0.000000 0.000000 1.000000
0.000000 0.000000 1.000000
0.000000 0.000000 1.000000
0.000000 0.000000 1.000000
0.000000 0.000000 1.000000
0.000000 0.000000 1.000000
0.000000 0.000000 1.000000
0.000000 0.000000 1.000000
0.000000 0.000000 1.000000
0.000000 0.000000 1.000000
0.000000 0.000000 1.000000
0.000000 0.000000 1.000000
0.000000 0.000000 1.000000
0.000000 0.000000 1.000000
0.000000 0.000000 1.000000
0.000000 0.000000 1.000000
0.000000 0.000000 1.000000
0.000000 0.000000 1.000000
0.000000 0.000000 1.000000
0.000000 0.000000 1.000000
0.000000 0.000000 1.000000
0.000000 0.000000 1.000000
0.000000 0.000000 1.000000
0.000000 0.000000 1.000000
0.000000 0.000000 1.000000
0.000000 0.000000 1.000000
0.000000 0.000000 1.000000
0.000000 0.000000 1.000000
0.000000 0.000000 1.000000
0.000000 0.000000 1.000000
0.000000 0.000000 1.000000
0.000000 0.000000 1.000000
0.000000 0.000000 1.000000
0.000000 0.000000 1.000000
0.000000 0.000000 1.000000
0.000000 0.000000 1.000000
0.000000 0.000000 1.000000
0.000000 0.000000 1.000000
0.000000 0.000000 1.000000
0.000000 0.000000 1.000000
0.000000 0.000000 1.000000
0.000000 0.000000 1.000000
0.000000 0.000000 1.000000
0.000000 0.000000 1.000000
0.000000 0.000000 1.000000
0.000000 0.000000 1.000000
0.000000 0.000000 1.000000
0.000000 0.000000 1.000000
0.000000 0.000000 1.000000
0.000000 0.000000 1.000000
0.000000 0.000000 1.000000
0.000000 0.000000 1.000000
0.000000 0.000000 1.000000
0.000000 0.000000 1.000000
</float_array>
          <technique_common>
            <accessor source="#ic_duvar011-Normal0-array" count="768" stride="3">
              <param name="X" type="float"/>
              <param name="Y" type="float"/>
              <param name="Z" type="float"/>
            </accessor>
          </technique_common>
        </source>
        <vertices id="ic_duvar011-VERTEX">
          <input semantic="POSITION" source="#ic_duvar011-POSITION"/>
        </vertices>
        <triangles count="256">
          <input semantic="VERTEX" offset="0" source="#ic_duvar011-VERTEX"/>
          <input semantic="NORMAL" offset="1" source="#ic_duvar011-Normal0"/>
          <p> 0 0 1 1 23 2 0 3 23 4 22 5 1 6 2 7 24 8 1 9 24 10 23 11 2 12 3 13 25 14 2 15 25 16 24 17 3 18 4 19 26 20 3 21 26 22 25 23 4 24 5 25 27 26 4 27 27 28 26 29 5 30 6 31 28 32 5 33 28 34 27 35 6 36 7 37 29 38 6 39 29 40 28 41 7 42 8 43 30 44 7 45 30 46 29 47 8 48 9 49 31 50 8 51 31 52 30 53 9 54 10 55 32 56 9 57 32 58 31 59 10 60 11 61 33 62 10 63 33 64 32 65 11 66 12 67 34 68 11 69 34 70 33 71 12 72 13 73 35 74 12 75 35 76 34 77 13 78 14 79 36 80 13 81 36 82 35 83 14 84 15 85 37 86 14 87 37 88 36 89 15 90 16 91 38 92 15 93 38 94 37 95 16 96 17 97 39 98 16 99 39 100 38 101 17 102 18 103 40 104 17 105 40 106 39 107 18 108 19 109 41 110 18 111 41 112 40 113 19 114 20 115 42 116 19 117 42 118 41 119 20 120 21 121 43 122 20 123 43 124 42 125 21 126 0 127 22 128 21 129 22 130 43 131 44 132 45 133 89 134 44 135 89 136 88 137 45 138 46 139 90 140 45 141 90 142 89 143 46 144 47 145 91 146 46 147 91 148 90 149 47 150 48 151 92 152 47 153 92 154 91 155 48 156 49 157 93 158 48 159 93 160 92 161 49 162 50 163 94 164 49 165 94 166 93 167 50 168 51 169 95 170 50 171 95 172 94 173 51 174 52 175 96 176 51 177 96 178 95 179 52 180 53 181 97 182 52 183 97 184 96 185 53 186 54 187 98 188 53 189 98 190 97 191 54 192 55 193 99 194 54 195 99 196 98 197 55 198 56 199 100 200 55 201 100 202 99 203 56 204 57 205 101 206 56 207 101 208 100 209 57 210 58 211 102 212 57 213 102 214 101 215 58 216 59 217 103 218 58 219 103 220 102 221 59 222 60 223 104 224 59 225 104 226 103 227 60 228 61 229 105 230 60 231 105 232 104 233 61 234 62 235 106 236 61 237 106 238 105 239 62 240 63 241 107 242 62 243 107 244 106 245 63 246 64 247 108 248 63 249 108 250 107 251 64 252 65 253 109 254 64 255 109 256 108 257 65 258 66 259 110 260 65 261 110 262 109 263 66 264 67 265 111 266 66 267 111 268 110 269 67 270 68 271 112 272 67 273 112 274 111 275 68 276 69 277 113 278 68 279 113 280 112 281 69 282 70 283 114 284 69 285 114 286 113 287 70 288 71 289 115 290 70 291 115 292 114 293 71 294 72 295 116 296 71 297 116 298 115 299 72 300 73 301 117 302 72 303 117 304 116 305 73 306 74 307 118 308 73 309 118 310 117 311 74 312 75 313 119 314 74 315 119 316 118 317 75 318 76 319 120 320 75 321 120 322 119 323 76 324 77 325 121 326 76 327 121 328 120 329 77 330 78 331 122 332 77 333 122 334 121 335 78 336 79 337 123 338 78 339 123 340 122 341 79 342 80 343 124 344 79 345 124 346 123 347 80 348 81 349 125 350 80 351 125 352 124 353 81 354 82 355 126 356 81 357 126 358 125 359 82 360 83 361 127 362 82 363 127 364 126 365 83 366 84 367 128 368 83 369 128 370 127 371 84 372 85 373 129 374 84 375 129 376 128 377 85 378 86 379 130 380 85 381 130 382 129 383 86 384 87 385 131 386 86 387 131 388 130 389 87 390 44 391 88 392 87 393 88 394 131 395 21 396 1 397 0 398 20 399 1 400 21 401 19 402 1 403 20 404 19 405 2 406 1 407 18 408 2 409 19 410 9 411 11 412 10 413 9 414 12 415 11 416 8 417 12 418 9 419 8 420 13 421 12 422 7 423 13 424 8 425 7 426 14 427 13 428 6 429 14 430 7 431 6 432 15 433 14 434 5 435 15 436 6 437 2 438 4 439 3 440 2 441 5 442 4 443 18 444 5 445 2 446 18 447 15 448 5 449 18 450 16 451 15 452 17 453 16 454 18 455 87 456 45 457 44 458 86 459 45 460 87 461 86 462 46 463 45 464 85 465 46 466 86 467 85 468 47 469 46 470 84 471 47 472 85 473 84 474 48 475 47 476 83 477 48 478 84 479 83 480 49 481 48 482 82 483 49 484 83 485 82 486 50 487 49 488 81 489 50 490 82 491 81 492 51 493 50 494 80 495 51 496 81 497 80 498 52 499 51 500 79 501 52 502 80 503 79 504 53 505 52 506 78 507 53 508 79 509 78 510 54 511 53 512 77 513 54 514 78 515 77 516 55 517 54 518 76 519 55 520 77 521 76 522 56 523 55 524 75 525 56 526 76 527 75 528 57 529 56 530 74 531 57 532 75 533 74 534 58 535 57 536 73 537 58 538 74 539 73 540 59 541 58 542 72 543 59 544 73 545 72 546 60 547 59 548 71 549 60 550 72 551 71 552 61 553 60 554 70 555 61 556 71 557 70 558 62 559 61 560 69 561 62 562 70 563 69 564 63 565 62 566 68 567 63 568 69 569 68 570 64 571 63 572 67 573 64 574 68 575 64 576 66 577 65 578 67 579 66 580 64 581 43 582 22 583 23 584 42 585 43 586 23 587 41 588 42 589 23 590 41 591 23 592 24 593 40 594 41 595 24 596 31 597 32 598 33 599 31 600 33 601 34 602 30 603 31 604 34 605 30 606 34 607 35 608 29 609 30 610 35 611 29 612 35 613 36 614 28 615 29 616 36 617 28 618 36 619 37 620 27 621 28 622 37 623 24 624 25 625 26 626 24 627 26 628 27 629 40 630 24 631 27 632 40 633 27 634 37 635 40 636 37 637 38 638 39 639 40 640 38 641 131 642 88 643 89 644 130 645 131 646 89 647 130 648 89 649 90 650 129 651 130 652 90 653 129 654 90 655 91 656 128 657 129 658 91 659 128 660 91 661 92 662 127 663 128 664 92 665 127 666 92 667 93 668 126 669 127 670 93 671 126 672 93 673 94 674 125 675 126 676 94 677 125 678 94 679 95 680 124 681 125 682 95 683 124 684 95 685 96 686 123 687 124 688 96 689 123 690 96 691 97 692 122 693 123 694 97 695 122 696 97 697 98 698 121 699 122 700 98 701 121 702 98 703 99 704 120 705 121 706 99 707 120 708 99 709 100 710 119 711 120 712 100 713 119 714 100 715 101 716 118 717 119 718 101 719 118 720 101 721 102 722 117 723 118 724 102 725 117 726 102 727 103 728 116 729 117 730 103 731 116 732 103 733 104 734 115 735 116 736 104 737 115 738 104 739 105 740 114 741 115 742 105 743 114 744 105 745 106 746 113 747 114 748 106 749 113 750 106 751 107 752 112 753 113 754 107 755 112 756 107 757 108 758 111 759 112 760 108 761 108 762 109 763 110 764 111 765 108 766 110 767</p>
        </triangles>
      </mesh>
    </geometry>
    <geometry id="Line001-lib" name="Line001Mesh">
      <mesh>
        <source id="Line001-POSITION">
          <float_array id="Line001-POSITION-array" count="246">
-52.377808 -83.108398 0.000000
-51.153484 -67.087723 0.000000
-47.693390 -53.048168 0.000000
-42.316803 -40.594852 0.000000
-35.343033 -29.332968 0.000000
-27.091366 -18.867617 0.000000
-17.881098 -8.803950 0.000000
-8.031525 1.252892 0.000000
2.449234 11.139494 0.000000
13.661284 20.498259 0.000000
25.447681 29.432766 0.000000
37.651489 38.046612 0.000000
50.115746 46.443375 0.000000
62.683525 54.726639 0.000000
75.197876 63.000000 0.000000
68.897308 168.902588 0.000000
63.912952 165.584442 0.000000
61.332001 163.929810 0.000000
60.137840 163.318420 0.000000
59.313911 163.130249 0.000000
57.843575 162.744980 0.000000
54.710243 161.542480 0.000000
48.897305 158.902527 0.000000
39.083794 151.308838 0.000000
25.677397 137.287964 0.000000
3.325642 81.634499 0.000000
-12.537422 62.092026 0.000000
-27.264259 43.455082 0.000000
-39.278503 28.167912 0.000000
-47.003784 18.674744 0.000000
-55.349937 7.169820 0.000000
-60.605896 -4.481976 0.000000
-63.429989 -16.674732 0.000000
-64.480545 -29.802549 0.000000
-64.415878 -44.259506 0.000000
-63.894314 -60.439697 0.000000
-63.574165 -78.737221 0.000000
-63.767681 -83.455849 0.000000
-62.157181 -85.531136 0.000000
-59.466476 -85.730255 0.000000
-56.419392 -84.820389 0.000000
-52.377808 -83.108398 39.370079
-51.153484 -67.087723 39.370079
-47.693390 -53.048168 39.370079
-42.316803 -40.594852 39.370079
-35.343033 -29.332968 39.370079
-27.091366 -18.867617 39.370079
-17.881098 -8.803950 39.370079
-8.031525 1.252892 39.370079
2.449234 11.139494 39.370079
13.661284 20.498259 39.370079
25.447681 29.432766 39.370079
37.651489 38.046612 39.370079
50.115746 46.443375 39.370079
62.683525 54.726639 39.370079
75.197876 63.000000 39.370079
68.897308 168.902588 39.370079
63.912952 165.584442 39.370079
61.332001 163.929810 39.370079
60.137840 163.318420 39.370079
59.313911 163.130249 39.370079
57.843575 162.744980 39.370079
54.710243 161.542480 39.370079
48.897305 158.902527 39.370079
39.083794 151.308838 39.370079
25.677397 137.287964 39.370079
3.325642 81.634499 39.370079
-12.537422 62.092026 39.370079
-27.264259 43.455082 39.370079
-39.278503 28.167912 39.370079
-47.003784 18.674744 39.370079
-55.349937 7.169820 39.370079
-60.605896 -4.481976 39.370079
-63.429989 -16.674732 39.370079
-64.480545 -29.802549 39.370079
-64.415878 -44.259506 39.370079
-63.894314 -60.439697 39.370079
-63.574165 -78.737221 39.370079
-63.767681 -83.455849 39.370079
-62.157181 -85.531136 39.370079
-59.466476 -85.730255 39.370079
-56.419392 -84.820389 39.370079
</float_array>
          <technique_common>
            <accessor source="#Line001-POSITION-array" count="82" stride="3">
              <param name="X" type="float"/>
              <param name="Y" type="float"/>
              <param name="Z" type="float"/>
            </accessor>
          </technique_common>
        </source>
        <source id="Line001-Normal0">
          <float_array id="Line001-Normal0-array" count="1089">
0.987393 -0.158287 0.000000
0.997093 -0.076199 0.000000
0.997093 -0.076199 0.000000
0.997093 -0.076199 0.000000
0.987393 -0.158287 0.000000
0.987393 -0.158287 0.000000
0.947778 -0.318931 0.000000
0.987393 -0.158287 0.000000
0.987393 -0.158287 0.000000
0.987393 -0.158287 0.000000
0.947778 -0.318931 0.000000
0.947778 -0.318931 0.000000
0.886531 -0.462670 0.000000
0.947778 -0.318931 0.000000
0.947778 -0.318931 0.000000
0.947778 -0.318931 0.000000
0.886531 -0.462670 0.000000
0.886531 -0.462670 0.000000
0.819041 -0.573735 0.000000
0.886531 -0.462670 0.000000
0.886531 -0.462670 0.000000
0.886531 -0.462670 0.000000
0.819041 -0.573735 0.000000
0.819041 -0.573735 0.000000
0.761993 -0.647586 0.000000
0.819041 -0.573735 0.000000
0.819041 -0.573735 0.000000
0.819041 -0.573735 0.000000
0.761993 -0.647586 0.000000
0.761993 -0.647586 0.000000
0.726166 -0.687520 0.000000
0.761993 -0.647586 0.000000
0.761993 -0.647586 0.000000
0.761993 -0.647586 0.000000
0.726166 -0.687520 0.000000
0.726166 -0.687520 0.000000
0.714431 -0.699706 0.000000
0.726166 -0.687520 0.000000
0.726166 -0.687520 0.000000
0.726166 -0.687520 0.000000
0.714431 -0.699706 0.000000
0.714431 -0.699706 0.000000
0.663802 -0.747908 0.000000
0.686187 -0.727425 0.000000
0.686187 -0.727425 0.000000
0.686187 -0.727425 0.000000
0.663802 -0.747908 0.000000
0.663802 -0.747908 0.000000
0.622620 -0.782525 0.000000
0.663802 -0.747908 0.000000
0.663802 -0.747908 0.000000
0.663802 -0.747908 0.000000
0.622620 -0.782525 0.000000
0.622620 -0.782525 0.000000
0.590459 -0.807068 0.000000
0.622620 -0.782525 0.000000
0.622620 -0.782525 0.000000
0.622620 -0.782525 0.000000
0.590459 -0.807068 0.000000
0.590459 -0.807068 0.000000
0.567718 -0.823223 0.000000
0.590459 -0.807068 0.000000
0.590459 -0.807068 0.000000
0.590459 -0.807068 0.000000
0.567718 -0.823223 0.000000
0.567718 -0.823223 0.000000
0.554519 -0.832171 0.000000
0.567718 -0.823223 0.000000
0.567718 -0.823223 0.000000
0.567718 -0.823223 0.000000
0.554519 -0.832171 0.000000
0.554519 -0.832171 0.000000
0.550899 -0.834572 0.000000
0.554519 -0.832171 0.000000
0.554519 -0.832171 0.000000
0.554519 -0.832171 0.000000
0.550899 -0.834572 0.000000
0.550899 -0.834572 0.000000
0.551487 -0.834184 0.000000
0.550899 -0.834572 0.000000
0.550899 -0.834572 0.000000
0.550899 -0.834572 0.000000
0.551487 -0.834184 0.000000
0.551487 -0.834184 0.000000
0.998235 0.059389 0.000000
0.998235 0.059389 0.000000
0.998235 0.059389 0.000000
0.998235 0.059389 0.000000
0.998235 0.059389 0.000000
0.998235 0.059389 0.000000
-0.546949 0.837166 0.000000
-0.554150 0.832417 0.000000
-0.554150 0.832417 0.000000
-0.554150 0.832417 0.000000
-0.546949 0.837166 0.000000
-0.546949 0.837166 0.000000
-0.498301 0.867004 0.000000
-0.546949 0.837166 0.000000
-0.546949 0.837166 0.000000
-0.546949 0.837166 0.000000
-0.498301 0.867004 0.000000
-0.498301 0.867004 0.000000
-0.341827 0.939763 0.000000
-0.498301 0.867004 0.000000
-0.498301 0.867004 0.000000
-0.498301 0.867004 0.000000
-0.341827 0.939763 0.000000
-0.341827 0.939763 0.000000
-0.238091 0.971243 0.000000
-0.341827 0.939763 0.000000
-0.341827 0.939763 0.000000
-0.341827 0.939763 0.000000
-0.238091 0.971243 0.000000
-0.238091 0.971243 0.000000
-0.306349 0.951919 0.000000
-0.238091 0.971243 0.000000
-0.238091 0.971243 0.000000
-0.238091 0.971243 0.000000
-0.306349 0.951919 0.000000
-0.306349 0.951919 0.000000
-0.386074 0.922468 0.000000
-0.306349 0.951919 0.000000
-0.306349 0.951919 0.000000
-0.306349 0.951919 0.000000
-0.386074 0.922468 0.000000
-0.386074 0.922468 0.000000
-0.413505 0.910502 0.000000
-0.386074 0.922468 0.000000
-0.386074 0.922468 0.000000
-0.386074 0.922468 0.000000
-0.413505 0.910502 0.000000
-0.413505 0.910502 0.000000
-0.669235 0.743051 0.000000
-0.611978 0.790875 0.000000
-0.611978 0.790875 0.000000
-0.611978 0.790875 0.000000
-0.669235 0.743051 0.000000
-0.669235 0.743051 0.000000
-0.840575 0.541695 0.000000
-0.669235 0.743051 0.000000
-0.669235 0.743051 0.000000
-0.669235 0.743051 0.000000
-0.840575 0.541695 0.000000
-0.840575 0.541695 0.000000
-0.861857 0.507152 0.000000
-0.840575 0.541695 0.000000
-0.840575 0.541695 0.000000
-0.840575 0.541695 0.000000
-0.861857 0.507152 0.000000
-0.861857 0.507152 0.000000
-0.780525 0.625125 0.000000
-0.861857 0.507152 0.000000
-0.861857 0.507152 0.000000
-0.861857 0.507152 0.000000
-0.780525 0.625125 0.000000
-0.780525 0.625125 0.000000
-0.785427 0.618954 0.000000
-0.780525 0.625125 0.000000
-0.780525 0.625125 0.000000
-0.780525 0.625125 0.000000
-0.785427 0.618954 0.000000
-0.785427 0.618954 0.000000
-0.780966 0.624573 0.000000
-0.785427 0.618954 0.000000
-0.785427 0.618954 0.000000
-0.785427 0.618954 0.000000
-0.780966 0.624573 0.000000
-0.780966 0.624573 0.000000
-0.775631 0.631187 0.000000
-0.780966 0.624573 0.000000
-0.780966 0.624573 0.000000
-0.780966 0.624573 0.000000
-0.775631 0.631187 0.000000
-0.775631 0.631187 0.000000
-0.864984 0.501799 0.000000
-0.809440 0.587202 0.000000
-0.809440 0.587202 0.000000
-0.809440 0.587202 0.000000
-0.864984 0.501799 0.000000
-0.864984 0.501799 0.000000
-0.947433 0.319955 0.000000
-0.864984 0.501799 0.000000
-0.864984 0.501799 0.000000
-0.864984 0.501799 0.000000
-0.947433 0.319955 0.000000
-0.947433 0.319955 0.000000
-0.988207 0.153126 0.000000
-0.947433 0.319955 0.000000
-0.947433 0.319955 0.000000
-0.947433 0.319955 0.000000
-0.988207 0.153126 0.000000
-0.988207 0.153126 0.000000
-0.999290 0.037682 0.000000
-0.988207 0.153126 0.000000
-0.988207 0.153126 0.000000
-0.988207 0.153126 0.000000
-0.999290 0.037682 0.000000
-0.999290 0.037682 0.000000
-0.999832 -0.018347 0.000000
-0.999290 0.037682 0.000000
-0.999290 0.037682 0.000000
-0.999290 0.037682 0.000000
-0.999832 -0.018347 0.000000
-0.999832 -0.018347 0.000000
-0.999691 -0.024857 0.000000
-0.999832 -0.018347 0.000000
-0.999832 -0.018347 0.000000
-0.999832 -0.018347 0.000000
-0.999691 -0.024857 0.000000
-0.999691 -0.024857 0.000000
-0.999847 -0.017494 0.000000
-0.999691 -0.024857 0.000000
-0.999691 -0.024857 0.000000
-0.999691 -0.024857 0.000000
-0.999847 -0.017494 0.000000
-0.999847 -0.017494 0.000000
-0.952491 -0.304568 0.000000
-0.999160 0.040977 0.000000
-0.999160 0.040977 0.000000
-0.999160 0.040977 0.000000
-0.952491 -0.304568 0.000000
-0.952491 -0.304568 0.000000
-0.472701 -0.881223 0.000000
-0.952491 -0.304568 0.000000
-0.952491 -0.304568 0.000000
-0.952491 -0.304568 0.000000
-0.472701 -0.881223 0.000000
-0.472701 -0.881223 0.000000
0.107942 -0.994157 0.000000
-0.472701 -0.881223 0.000000
-0.472701 -0.881223 0.000000
-0.472701 -0.881223 0.000000
0.107942 -0.994157 0.000000
0.107942 -0.994157 0.000000
0.338598 -0.940931 0.000000
0.107942 -0.994157 0.000000
0.107942 -0.994157 0.000000
0.107942 -0.994157 0.000000
0.338598 -0.940931 0.000000
0.338598 -0.940931 0.000000
0.390044 -0.920796 0.000000
0.338598 -0.940931 0.000000
0.338598 -0.940931 0.000000
0.338598 -0.940931 0.000000
0.390044 -0.920796 0.000000
0.390044 -0.920796 0.000000
0.000000 0.000000 1.000000
0.000000 0.000000 1.000000
0.000000 0.000000 1.000000
0.000000 0.000000 1.000000
0.000000 0.000000 1.000000
0.000000 0.000000 1.000000
0.000000 0.000000 1.000000
0.000000 0.000000 1.000000
0.000000 0.000000 1.000000
0.000000 0.000000 1.000000
0.000000 0.000000 1.000000
0.000000 0.000000 1.000000
0.000000 0.000000 1.000000
0.000000 0.000000 1.000000
0.000000 0.000000 1.000000
0.000000 0.000000 1.000000
0.000000 0.000000 1.000000
0.000000 0.000000 1.000000
0.000000 0.000000 1.000000
0.000000 0.000000 1.000000
0.000000 0.000000 1.000000
0.000000 0.000000 1.000000
0.000000 0.000000 1.000000
0.000000 0.000000 1.000000
0.000000 0.000000 1.000000
0.000000 0.000000 1.000000
0.000000 0.000000 1.000000
0.000000 0.000000 1.000000
0.000000 0.000000 1.000000
0.000000 0.000000 1.000000
0.000000 0.000000 1.000000
0.000000 0.000000 1.000000
0.000000 0.000000 1.000000
0.000000 0.000000 1.000000
0.000000 0.000000 1.000000
0.000000 0.000000 1.000000
0.000000 0.000000 1.000000
0.000000 0.000000 1.000000
0.000000 0.000000 1.000000
0.000000 0.000000 1.000000
0.000000 0.000000 1.000000
0.000000 0.000000 1.000000
0.000000 0.000000 1.000000
0.000000 0.000000 1.000000
0.000000 0.000000 1.000000
0.000000 0.000000 1.000000
0.000000 0.000000 1.000000
0.000000 0.000000 1.000000
0.000000 0.000000 1.000000
0.000000 0.000000 1.000000
0.000000 0.000000 1.000000
0.000000 0.000000 1.000000
0.000000 0.000000 1.000000
0.000000 0.000000 1.000000
0.000000 0.000000 1.000000
0.000000 0.000000 1.000000
0.000000 0.000000 1.000000
0.000000 0.000000 1.000000
0.000000 0.000000 1.000000
0.000000 0.000000 1.000000
0.000000 0.000000 1.000000
0.000000 0.000000 1.000000
0.000000 0.000000 1.000000
0.000000 0.000000 1.000000
0.000000 0.000000 1.000000
0.000000 0.000000 1.000000
0.000000 0.000000 1.000000
0.000000 0.000000 1.000000
0.000000 0.000000 1.000000
0.000000 0.000000 1.000000
0.000000 0.000000 1.000000
0.000000 0.000000 1.000000
0.000000 0.000000 1.000000
0.000000 0.000000 1.000000
0.000000 0.000000 1.000000
0.000000 0.000000 1.000000
0.000000 0.000000 1.000000
0.000000 0.000000 1.000000
0.000000 0.000000 1.000000
0.000000 0.000000 1.000000
0.000000 0.000000 1.000000
0.000000 0.000000 1.000000
0.000000 0.000000 1.000000
0.000000 0.000000 1.000000
0.000000 0.000000 1.000000
0.000000 0.000000 1.000000
0.000000 0.000000 1.000000
0.000000 0.000000 1.000000
0.000000 0.000000 1.000000
0.000000 0.000000 1.000000
0.000000 0.000000 1.000000
0.000000 0.000000 1.000000
0.000000 0.000000 1.000000
0.000000 0.000000 1.000000
0.000000 0.000000 1.000000
0.000000 0.000000 1.000000
0.000000 0.000000 1.000000
0.000000 0.000000 1.000000
0.000000 0.000000 1.000000
0.000000 0.000000 1.000000
0.000000 0.000000 1.000000
0.000000 0.000000 1.000000
0.000000 0.000000 1.000000
0.000000 0.000000 1.000000
0.000000 0.000000 1.000000
0.000000 0.000000 1.000000
0.000000 0.000000 1.000000
0.000000 0.000000 1.000000
0.000000 0.000000 1.000000
0.000000 0.000000 1.000000
0.000000 0.000000 1.000000
0.000000 0.000000 1.000000
0.000000 0.000000 1.000000
0.000000 0.000000 1.000000
0.000000 0.000000 1.000000
0.000000 0.000000 1.000000
0.000000 0.000000 1.000000
</float_array>
          <technique_common>
            <accessor source="#Line001-Normal0-array" count="363" stride="3">
              <param name="X" type="float"/>
              <param name="Y" type="float"/>
              <param name="Z" type="float"/>
            </accessor>
          </technique_common>
        </source>
        <vertices id="Line001-VERTEX">
          <input semantic="POSITION" source="#Line001-POSITION"/>
        </vertices>
        <triangles count="121">
          <input semantic="VERTEX" offset="0" source="#Line001-VERTEX"/>
          <input semantic="NORMAL" offset="1" source="#Line001-Normal0"/>
          <p> 42 0 41 1 0 2 0 3 1 4 42 5 43 6 42 7 1 8 1 9 2 10 43 11 44 12 43 13 2 14 2 15 3 16 44 17 45 18 44 19 3 20 3 21 4 22 45 23 46 24 45 25 4 26 4 27 5 28 46 29 47 30 46 31 5 32 5 33 6 34 47 35 48 36 47 37 6 38 6 39 7 40 48 41 49 42 48 43 7 44 7 45 8 46 49 47 50 48 49 49 8 50 8 51 9 52 50 53 51 54 50 55 9 56 9 57 10 58 51 59 52 60 51 61 10 62 10 63 11 64 52 65 53 66 52 67 11 68 11 69 12 70 53 71 54 72 53 73 12 74 12 75 13 76 54 77 55 78 54 79 13 80 13 81 14 82 55 83 56 84 55 85 14 86 14 87 15 88 56 89 57 90 56 91 15 92 15 93 16 94 57 95 58 96 57 97 16 98 16 99 17 100 58 101 59 102 58 103 17 104 17 105 18 106 59 107 60 108 59 109 18 110 18 111 19 112 60 113 61 114 60 115 19 116 19 117 20 118 61 119 62 120 61 121 20 122 20 123 21 124 62 125 63 126 62 127 21 128 21 129 22 130 63 131 64 132 63 133 22 134 22 135 23 136 64 137 65 138 64 139 23 140 23 141 24 142 65 143 66 144 65 145 24 146 24 147 25 148 66 149 67 150 66 151 25 152 25 153 26 154 67 155 68 156 67 157 26 158 26 159 27 160 68 161 69 162 68 163 27 164 27 165 28 166 69 167 70 168 69 169 28 170 28 171 29 172 70 173 71 174 70 175 29 176 29 177 30 178 71 179 72 180 71 181 30 182 30 183 31 184 72 185 73 186 72 187 31 188 31 189 32 190 73 191 74 192 73 193 32 194 32 195 33 196 74 197 75 198 74 199 33 200 33 201 34 202 75 203 76 204 75 205 34 206 34 207 35 208 76 209 77 210 76 211 35 212 35 213 36 214 77 215 78 216 77 217 36 218 36 219 37 220 78 221 79 222 78 223 37 224 37 225 38 226 79 227 80 228 79 229 38 230 38 231 39 232 80 233 81 234 80 235 39 236 39 237 40 238 81 239 41 240 81 241 40 242 40 243 0 244 41 245 54 246 55 247 56 248 53 249 54 250 56 251 52 252 53 253 56 254 52 255 56 256 57 257 52 258 57 259 58 260 52 261 58 262 59 263 52 264 59 265 60 266 60 267 61 268 62 269 52 270 60 271 62 272 62 273 63 274 64 275 64 276 65 277 66 278 62 279 64 280 66 281 52 282 62 283 66 284 51 285 52 286 66 287 51 288 66 289 67 290 50 291 51 292 67 293 50 294 67 295 68 296 49 297 50 298 68 299 49 300 68 301 69 302 48 303 49 304 69 305 48 306 69 307 70 308 47 309 48 310 70 311 70 312 71 313 72 314 47 315 70 316 72 317 46 318 47 319 72 320 45 321 46 322 72 323 45 324 72 325 73 326 45 327 73 328 74 329 44 330 45 331 74 332 44 333 74 334 75 335 43 336 44 337 75 338 43 339 75 340 76 341 42 342 43 343 76 344 42 345 76 346 77 347 77 348 78 349 79 350 77 351 79 352 80 353 77 354 80 355 81 356 42 357 77 358 81 359 42 360 81 361 41 362</p>
        </triangles>
      </mesh>
    </geometry>
  </library_geometries>
  <library_animations>
    <animation id="Plane.140-anim" name="Plane.140">
      <animation>
        <source id="Plane.140-Matrix-animation-input">
          <float_array id="Plane.140-Matrix-animation-input-array" count="0">
</float_array>
          <technique_common>
            <accessor source="#Plane.140-Matrix-animation-input-array" count="0">
              <param name="TIME" type="float"/>
            </accessor>
          </technique_common>
        </source>
        <source id="Plane.140-Matrix-animation-output-transform">
          <float_array id="Plane.140-Matrix-animation-output-transform-array" count="0">
</float_array>
          <technique_common>
            <accessor source="#Plane.140-Matrix-animation-output-transform-array" count="0" stride="16">
              <param type="float4x4"/>
            </accessor>
          </technique_common>
        </source>
        <source id="Plane.140-Interpolations">
          <Name_array id="Plane.140-Interpolations-array" count="0">
</Name_array>
          <technique_common>
            <accessor source="#Plane.140-Interpolations-array" count="0">
              <param type="name"/>
            </accessor>
          </technique_common>
        </source>
        <sampler id="Plane.140-Matrix-animation-transform">
          <input semantic="INPUT" source="#Plane.140-Matrix-animation-input"/>
          <input semantic="OUTPUT" source="#Plane.140-Matrix-animation-output-transform"/>
          <input semantic="INTERPOLATION" source="#Plane.140-Interpolations"/>
        </sampler>
        <channel source="#Plane.140-Matrix-animation-transform" target="Plane.140/matrix"/>
      </animation>
    </animation>
    <animation id="Cylinder.001-anim" name="Cylinder.001">
      <animation>
        <source id="Cylinder.001-Matrix-animation-input">
          <float_array id="Cylinder.001-Matrix-animation-input-array" count="0">
</float_array>
          <technique_common>
            <accessor source="#Cylinder.001-Matrix-animation-input-array" count="0">
              <param name="TIME" type="float"/>
            </accessor>
          </technique_common>
        </source>
        <source id="Cylinder.001-Matrix-animation-output-transform">
          <float_array id="Cylinder.001-Matrix-animation-output-transform-array" count="0">
</float_array>
          <technique_common>
            <accessor source="#Cylinder.001-Matrix-animation-output-transform-array" count="0" stride="16">
              <param type="float4x4"/>
            </accessor>
          </technique_common>
        </source>
        <source id="Cylinder.001-Interpolations">
          <Name_array id="Cylinder.001-Interpolations-array" count="0">
</Name_array>
          <technique_common>
            <accessor source="#Cylinder.001-Interpolations-array" count="0">
              <param type="name"/>
            </accessor>
          </technique_common>
        </source>
        <sampler id="Cylinder.001-Matrix-animation-transform">
          <input semantic="INPUT" source="#Cylinder.001-Matrix-animation-input"/>
          <input semantic="OUTPUT" source="#Cylinder.001-Matrix-animation-output-transform"/>
          <input semantic="INTERPOLATION" source="#Cylinder.001-Interpolations"/>
        </sampler>
        <channel source="#Cylinder.001-Matrix-animation-transform" target="Cylinder.001/matrix"/>
      </animation>
    </animation>
    <animation id="Cube-anim" name="Cube">
      <animation>
        <source id="Cube-Matrix-animation-input">
          <float_array id="Cube-Matrix-animation-input-array" count="0">
</float_array>
          <technique_common>
            <accessor source="#Cube-Matrix-animation-input-array" count="0">
              <param name="TIME" type="float"/>
            </accessor>
          </technique_common>
        </source>
        <source id="Cube-Matrix-animation-output-transform">
          <float_array id="Cube-Matrix-animation-output-transform-array" count="0">
</float_array>
          <technique_common>
            <accessor source="#Cube-Matrix-animation-output-transform-array" count="0" stride="16">
              <param type="float4x4"/>
            </accessor>
          </technique_common>
        </source>
        <source id="Cube-Interpolations">
          <Name_array id="Cube-Interpolations-array" count="0">
</Name_array>
          <technique_common>
            <accessor source="#Cube-Interpolations-array" count="0">
              <param type="name"/>
            </accessor>
          </technique_common>
        </source>
        <sampler id="Cube-Matrix-animation-transform">
          <input semantic="INPUT" source="#Cube-Matrix-animation-input"/>
          <input semantic="OUTPUT" source="#Cube-Matrix-animation-output-transform"/>
          <input semantic="INTERPOLATION" source="#Cube-Interpolations"/>
        </sampler>
        <channel source="#Cube-Matrix-animation-transform" target="Cube/matrix"/>
      </animation>
    </animation>
    <animation id="Area-anim" name="Area">
      <animation>
        <source id="Area-Matrix-animation-input">
          <float_array id="Area-Matrix-animation-input-array" count="0">
</float_array>
          <technique_common>
            <accessor source="#Area-Matrix-animation-input-array" count="0">
              <param name="TIME" type="float"/>
            </accessor>
          </technique_common>
        </source>
        <source id="Area-Matrix-animation-output-transform">
          <float_array id="Area-Matrix-animation-output-transform-array" count="0">
</float_array>
          <technique_common>
            <accessor source="#Area-Matrix-animation-output-transform-array" count="0" stride="16">
              <param type="float4x4"/>
            </accessor>
          </technique_common>
        </source>
        <source id="Area-Interpolations">
          <Name_array id="Area-Interpolations-array" count="0">
</Name_array>
          <technique_common>
            <accessor source="#Area-Interpolations-array" count="0">
              <param type="name"/>
            </accessor>
          </technique_common>
        </source>
        <sampler id="Area-Matrix-animation-transform">
          <input semantic="INPUT" source="#Area-Matrix-animation-input"/>
          <input semantic="OUTPUT" source="#Area-Matrix-animation-output-transform"/>
          <input semantic="INTERPOLATION" source="#Area-Interpolations"/>
        </sampler>
        <channel source="#Area-Matrix-animation-transform" target="Area/matrix"/>
      </animation>
    </animation>
  </library_animations>
  <library_lights>
    <light id="_ncl1_3" name="_ncl1_3">
      <technique_common>
        <point>
          <color sid="color">14925.000000 14925.000000 14925.000000</color>
        </point>
      </technique_common>
      <technique profile="MAYA">
        <intensity sid="intensity">1.000000</intensity>
      </technique>
    </light>
  </library_lights>
  <library_visual_scenes>
    <visual_scene id="duvarlı_pist" name="duvarlı_pist">
      <node name="Plane.140" id="Plane.140" sid="Plane.140">
        <matrix sid="matrix">1307.036255 0.000000 0.000000 133.075912 0.000000 1307.036255 0.000000 178.740112 0.000000 0.000000 1307.036255 0.000000 0.000000 0.000000 0.000000 1.000000</matrix>
        <instance_geometry url="#Plane.140-lib">
          <bind_material>
            <technique_common>
              <instance_material symbol="Material" target="#Material"/>
            </technique_common>
          </bind_material>
        </instance_geometry>
        <extra>
          <technique profile="FCOLLADA">
            <visibility>1.000000</visibility>
          </technique>
        </extra>
      </node>
      <node name="Cylinder.001" id="Cylinder.001" sid="Cylinder.001">
        <matrix sid="matrix">104.833580 0.000000 0.000000 -431.988983 0.000000 104.833580 0.000000 1086.483032 0.000000 0.000000 104.833580 19.347040 0.000000 0.000000 0.000000 1.000000</matrix>
        <instance_geometry url="#Cylinder.001-lib">
          <bind_material>
            <technique_common>
              <instance_material symbol="Material.001" target="#Material.001"/>
            </technique_common>
          </bind_material>
        </instance_geometry>
        <extra>
          <technique profile="FCOLLADA">
            <visibility>1.000000</visibility>
          </technique>
        </extra>
      </node>
      <node name="Cube" id="Cube" sid="Cube">
        <matrix sid="matrix">39.370079 0.000000 0.000000 -652.530334 0.000000 39.370079 0.000000 1161.888916 0.000000 0.000000 39.370079 39.907677 0.000000 0.000000 0.000000 1.000000</matrix>
        <instance_geometry url="#Cube-lib">
          <bind_material>
            <technique_common>
              <instance_material symbol="Material.022" target="#Material.022"/>
            </technique_common>
          </bind_material>
        </instance_geometry>
        <extra>
          <technique profile="FCOLLADA">
            <visibility>1.000000</visibility>
          </technique>
        </extra>
      </node>
      <node name="Area" id="Area" sid="Area">
        <matrix sid="matrix">3885.840088 0.000000 0.000000 83.287796 0.000000 0.000000 -9169.523438 169.404648 0.000000 3885.840088 0.000000 392.805328 0.000000 0.000000 0.000000 1.000000</matrix>
        <instance_light url="#_ncl1_3"/>
        <extra>
          <technique profile="FCOLLADA">
            <visibility>1.000000</visibility>
          </technique>
        </extra>
      </node>
      <node name="dFBXASC196FBXASC177s_duvar" id="dFBXASC196FBXASC177s_duvar" sid="dFBXASC196FBXASC177s_duvar">
        <matrix sid="matrix">1.000000 0.000000 0.000000 -350.000000 0.000000 1.000000 0.000000 397.000000 0.000000 0.000000 1.000000 0.000000 0.000000 0.000000 0.000000 1.000000</matrix>
        <instance_geometry url="#dFBXASC196FBXASC177s_duvar-lib"/>
        <extra>
          <technique profile="FCOLLADA">
            <visibility>1.000000</visibility>
          </technique>
        </extra>
      </node>
      <node name="ic_duvar001" id="ic_duvar001" sid="ic_duvar001">
        <matrix sid="matrix">1.000000 0.000000 0.000000 -1110.000000 0.000000 1.000000 0.000000 -355.000000 0.000000 0.000000 1.000000 0.000000 0.000000 0.000000 0.000000 1.000000</matrix>
        <instance_geometry url="#ic_duvar001-lib"/>
        <extra>
          <technique profile="FCOLLADA">
            <visibility>1.000000</visibility>
          </technique>
        </extra>
      </node>
      <node name="ic_duvar002" id="ic_duvar002" sid="ic_duvar002">
        <matrix sid="matrix">1.000000 0.000000 0.000000 -1110.000000 0.000000 1.000000 0.000000 730.000000 0.000000 0.000000 1.000000 0.000000 0.000000 0.000000 0.000000 1.000000</matrix>
        <instance_geometry url="#ic_duvar002-lib"/>
        <extra>
          <technique profile="FCOLLADA">
            <visibility>1.000000</visibility>
          </technique>
        </extra>
      </node>
      <node name="ic_duvar003" id="ic_duvar003" sid="ic_duvar003">
        <matrix sid="matrix">1.000000 0.000000 0.000000 -1113.937012 0.000000 1.000000 0.000000 1433.937012 0.000000 0.000000 1.000000 0.000000 0.000000 0.000000 0.000000 1.000000</matrix>
        <instance_geometry url="#ic_duvar003-lib"/>
        <extra>
          <technique profile="FCOLLADA">
            <visibility>1.000000</visibility>
          </technique>
        </extra>
      </node>
      <node name="ic_duva00r4" id="ic_duva00r4" sid="ic_duva00r4">
        <matrix sid="matrix">1.000000 0.000000 0.000000 1230.000000 0.000000 1.000000 0.000000 1430.000000 0.000000 0.000000 1.000000 0.000000 0.000000 0.000000 0.000000 1.000000</matrix>
        <instance_geometry url="#ic_duva00r4-lib"/>
        <extra>
          <technique profile="FCOLLADA">
            <visibility>1.000000</visibility>
          </technique>
        </extra>
      </node>
      <node name="ic_duvar005" id="ic_duvar005" sid="ic_duvar005">
        <matrix sid="matrix">-0.000000 -1.000000 0.000000 300.000000 1.000000 -0.000000 0.000000 1400.000000 0.000000 0.000000 1.000000 0.000000 0.000000 0.000000 0.000000 1.000000</matrix>
        <instance_geometry url="#ic_duvar005-lib"/>
        <extra>
          <technique profile="FCOLLADA">
            <visibility>1.000000</visibility>
          </technique>
        </extra>
      </node>
      <node name="ic_duvar006" id="ic_duvar006" sid="ic_duvar006">
        <matrix sid="matrix">-0.000000 -1.000000 0.000000 -560.000000 1.000000 -0.000000 0.000000 1400.000000 0.000000 0.000000 1.000000 0.000000 0.000000 0.000000 0.000000 1.000000</matrix>
        <instance_geometry url="#ic_duvar006-lib"/>
        <extra>
          <technique profile="FCOLLADA">
            <visibility>1.000000</visibility>
          </technique>
        </extra>
      </node>
      <node name="ic_duvar007" id="ic_duvar007" sid="ic_duvar007">
        <matrix sid="matrix">1.000000 0.000000 0.000000 -480.000000 0.000000 1.000000 0.000000 730.000000 0.000000 0.000000 1.000000 0.000000 0.000000 0.000000 0.000000 1.000000</matrix>
        <instance_geometry url="#ic_duvar007-lib"/>
        <extra>
          <technique profile="FCOLLADA">
            <visibility>1.000000</visibility>
          </technique>
        </extra>
      </node>
      <node name="ic_duvar008" id="ic_duvar008" sid="ic_duvar008">
        <matrix sid="matrix">1.000000 0.000000 0.000000 247.500000 0.000000 1.000000 0.000000 675.000000 0.000000 0.000000 1.000000 0.000000 0.000000 0.000000 0.000000 1.000000</matrix>
        <extra>
          <technique profile="FCOLLADA">
            <visibility>1.000000</visibility>
          </technique>
        </extra>
      </node>
      <node name="ic_duvar009" id="ic_duvar009" sid="ic_duvar009">
        <matrix sid="matrix">1.000000 0.000000 0.000000 400.000031 0.000000 1.000000 0.000000 570.000000 0.000000 0.000000 1.000000 0.000000 0.000000 0.000000 0.000000 1.000000</matrix>
        <instance_geometry url="#ic_duvar009-lib"/>
        <extra>
          <technique profile="FCOLLADA">
            <visibility>1.000000</visibility>
          </technique>
        </extra>
      </node>
      <node name="ic_duvar010" id="ic_duvar010" sid="ic_duvar010">
        <matrix sid="matrix">-0.000000 -1.000000 0.000000 -730.000000 1.000000 -0.000000 0.000000 -470.000000 0.000000 0.000000 1.000000 0.000000 0.000000 0.000000 0.000000 1.000000</matrix>
        <instance_geometry url="#ic_duvar010-lib"/>
        <extra>
          <technique profile="FCOLLADA">
            <visibility>1.000000</visibility>
          </technique>
        </extra>
      </node>
      <node name="ic_duvar011" id="ic_duvar011" sid="ic_duvar011">
        <matrix sid="matrix">-1.000000 0.000000 0.000000 480.000000 -0.000000 -1.000000 0.000000 -720.000000 0.000000 0.000000 1.000000 0.000000 0.000000 0.000000 0.000000 1.000000</matrix>
        <instance_geometry url="#ic_duvar011-lib"/>
        <extra>
          <technique profile="FCOLLADA">
            <visibility>1.000000</visibility>
          </technique>
        </extra>
      </node>
      <node name="Line001" id="Line001" sid="Line001">
        <matrix sid="matrix">1.000000 0.000000 0.000000 -1321.968506 0.000000 1.000000 0.000000 1178.747070 0.000000 0.000000 1.000000 0.000000 0.000000 0.000000 0.000000 1.000000</matrix>
        <instance_geometry url="#Line001-lib"/>
        <extra>
          <technique profile="FCOLLADA">
            <visibility>1.000000</visibility>
          </technique>
        </extra>
      </node>
      <extra>
        <technique profile="MAX3D">
          <frame_rate>30.000000</frame_rate>
        </technique>
        <technique profile="FCOLLADA">
          <start_time>0.000000</start_time>
          <end_time>3.333333</end_time>
        </technique>
      </extra>
    </visual_scene>
  </library_visual_scenes>
  <scene>
    <instance_visual_scene url="#duvarlı_pist"/>
  </scene>
</COLLADA>
